"","X.2","X.1","X","Month","Year","jobs","Monster.com","monster.com","Indeed.com","indeed.com","unemployment","job.listings","job_monthly_total","mi_month","mi_month_s","mi_yr_to_date","mi_12mo_avg","population","conv_gas","reform_gas","num2_diesel","very_warm","very_cold","very_wet","very_dry","miles","pop","jobs.avg","miles.S","miles.sS","pop.S","miles.s"
"1",1,1,1,1,44.7660585711988,19.313207915828,9.74679434480896,9.64365076099295,0,0,5.29150262212918,10,19.313207915828,471.646053730973,493.709428712882,471.646053730973,1701.21632957129,540.412805177672,1.26293309403151,1.28607931326182,1.24539150470846,0,0.188148877222268,0.142828568570857,0.251197133741609,471.646053730973,540.412805177672,7.29970645202355,14.9147577922003,15.6124629703324,17.0893534108228,493.709428712882
"2",2,2,1.4142135623731,1.4142135623731,44.7660585711988,18.3303027798234,9.38083151964686,9.32737905308882,0,0,5,9.21954445729289,18.3303027798234,462.286707574423,494.767622222797,660.423349072396,1704.16255093228,540.583018601214,1.28607931326182,1.32778010227598,1.25777581468241,0,0,0.342490875790874,0.24738633753706,462.286707574423,540.583018601214,6.92820323027551,14.6187892795539,15.6459259872978,17.0947360318901,494.767622222797
"3",3,3,1.73205080756888,1.73205080756888,44.7660585711988,18.4932420089069,9.21954445729289,9.38083151964686,0,0,4.79583152331272,9.74679434480896,18.4932420089069,501.401037095058,498.836646608887,829.193584152699,1708.47709964167,540.771670855639,1.3145341380124,1.3714955340795,1.27632284317096,0.790695896030832,0,0.376563407675255,0.541202365109392,501.401037095058,540.771670855639,6.98978847012861,15.8556929839096,15.7745998364459,17.1007017399872,498.836646608887
"4",4,4,2,2,44.7660585711988,18.2756668824971,9.16515138991168,9.2736184954957,0,0,4.79583152331272,9.38083151964686,18.2756668824971,500.9670647857,498.036143266731,968.777580252557,1711.85484197697,540.972272856937,1.33940285202026,1.38924439894498,1.30076900332073,0.20952326839757,0.0632455532033676,0.408411557133243,0.265894716006167,500.9670647857,540.972272856937,6.90755280213519,15.8419695745195,15.749285698088,17.10704533226,498.036143266731
"5",5,5,2.23606797749979,2.23606797749979,44.7660585711988,18.7882942280559,9.38083151964686,9.59166304662544,0,0,4.58257569495584,9.9498743710662,18.7882942280559,507.18339878194,496.668903798094,1093.51085957113,1713.02013998668,541.176496163682,1.40748001762014,1.45189531303052,1.32136293273271,0.506853035898967,0.091104335791443,0.434281015012169,0.421070065428546,507.18339878194,541.176496163682,7.10130772664947,16.038547315764,15.7060497898103,17.1135034402661,496.668903798094
"6",6,6,2.44948974278318,2.44948974278318,44.7660585711988,19.3907194296653,10,9.89949493661167,0,0,4.69041575982343,10,19.3907194296653,507.329281630777,494.504802807819,1205.46588504196,1714.5483370264,541.389877999211,1.39642400437689,1.46287388383278,1.30805198673447,0.183575597506858,0.253179778023443,0.441134900002256,0.254558441227157,507.329281630777,541.389877999211,7.32900305050323,16.0431605365028,15.6376149076514,17.1202511663819,494.504802807819
"7",7,7,2.64575131106459,2.64575131106459,44.7660585711988,18.6547581061776,9.74679434480896,9.59166304662544,0,0,4.69041575982343,9.16515138991168,18.6547581061776,515.721824242488,497.431402305886,1311.15102104983,1715.67479435935,541.617946526885,1.37913016064474,1.43527000944073,1.31871149232878,0.22248595461287,0.37,0.292403830344269,0.156843871413581,515.721824242488,541.617946526885,7.05083581671604,16.308556036633,15.7301621097813,17.1274633264824,497.431402305886
"8",8,8,2.82842712474619,2.82842712474619,44.7660585711988,18.4932420089069,9.59166304662544,9.59166304662544,0,0,4.58257569495584,9.1104335791443,18.4932420089069,512.675335860815,497.730850962646,1407.81852523683,1716.30096428336,541.851455659205,1.37113092008021,1.41492049246592,1.3538833036861,0.216564078277077,0.682202316032422,0.380788655293195,0.141067359796659,512.675335860815,541.851455659205,6.98978847012861,16.2122176151198,15.7396315077577,17.1348475336082,497.730850962646
"9",9,9,3,3,44.7660585711988,18,9.32737905308882,9.21954445729289,0,0,4.69041575982343,8.94427190999916,18,493.472390311758,497.333891867425,1491.80025472581,1718.06635494675,542.085786568879,1.37113092008021,1.40676934854297,1.38455769110572,0.306104557300279,0,0.464650406219558,0.373363094051889,493.472390311758,542.085786568879,6.80336051416609,15.6049671579276,15.7270785589696,17.1422577276157,497.333891867425
"10",10,10,3.16227766016838,3.16227766016838,44.7660585711988,17.464249196573,9,9.1104335791443,0,0,4.69041575982343,8.42614977317636,17.464249196573,504.475965730777,498.315161318618,1574.79014474945,1718.19672913203,542.313562434133,1.41173651932646,1.46287388383278,1.46082168658601,0.348855270850248,0,0.474341649025257,0.0678232998312527,504.475965730777,542.313562434133,6.60086574408453,15.952930765223,15.7581090236107,17.1494606329179,498.315161318618
"11",11,11,3.3166247903554,3.3166247903554,44.7660585711988,16.7332005306815,8.60232526704263,8.54400374531753,0,0,4.47213595499958,8.24621125123532,16.7332005306815,489.689697665777,497.523868774152,1649.16948795447,1719.97034858163,542.528340273575,1.40463518395347,1.45808093053849,1.46526448124562,0.49457052075513,0,0.527825728815866,0.235584379787795,489.689697665777,542.528340273575,6.32455532033676,15.4853479134309,15.7330861562505,17.1562525045535,497.523868774152
"12",12,12,3.46410161513775,0,44.7660585711988,16.431676725155,8.42614977317636,8.66025403784439,0,0,4.35889894354067,7.93725393319377,16.431676725155,495.004040387551,498.826623186854,1721.8562657783,1721.8562657783,542.734741839879,1.35757136092362,1.40641387933993,1.41739197119216,0.195959179422654,0,0.187349939951952,0.280178514522438,495.004040387551,542.734741839879,6.21059003408119,15.6534021861064,15.7742828680102,17.162779495175,498.826623186854
"13",13,13,3.60555127546399,1,44.7772263544762,18.6010752377383,9.64365076099295,9.9498743710662,0,0,4.89897948556636,8.83176086632785,18.6010752377383,473.362440419601,498.10741813388,473.362440419601,1722.32749499043,542.925409241454,1.36088206689632,1.38600144300069,1.3996428115773,0.4518849411078,0,0.576107628833363,0.180554700852678,473.362440419601,542.925409241454,7.03054559963673,14.9690347050169,15.7515396072892,17.1688089278202,498.10741813388
"14",14,14,3.74165738677394,1.4142135623731,44.7772263544762,17.7200451466693,9.38083151964686,9.48683298050514,0,0,4.47213595499958,8.24621125123532,17.7200451466693,469.009594784584,499.886987228113,666.36476497486,1724.1438455071,543.097597122285,1.38816425541072,1.41633329410842,1.42372750201715,0.365650105975644,0,0.384187454245971,0.381444622455213,469.009594784584,543.097597122285,6.6975475255606,14.8313856399192,15.8078145232034,17.1742539867093,499.886987228113
"15",15,15,3.87298334620742,1.73205080756888,44.7772263544762,17.9164728671689,9.21954445729289,9.53939201416946,1,1,4.47213595499958,8.66025403784439,17.9164728671689,503.171938804222,498.926848345526,835,1724.6596765739,543.276172862385,1.44982757595515,1.46935359937627,1.48795161211647,0.251793566240283,0,0.151657508881031,0.240831891575846,503.171938804222,543.276172862385,6.77179022542362,15.911693813042,15.7774522658128,17.1799010474449,498.926848345526
"16",16,16,4,2,44.7772263544762,18.1659021245849,9.2736184954957,9.16515138991168,1.4142135623731,1.4142135623731,4.47213595499958,9.32737905308882,18.1659021245849,500.859261669384,499.050097685593,973.696564644243,1724.62865568214,543.469410362718,1.50033329630452,1.53427507312085,1.51393526942204,0.316859590355097,0.163401346383682,0.288097205817759,0.278028775489157,500.859261669384,543.469410362718,6.86606562325595,15.8385605406552,15.78134975216,17.186011753749,499.050097685593
"17",17,17,4.12310562561766,2.23606797749979,44.7772263544762,18.3575597506858,9.4339811320566,9.53939201416946,1,1,4.35889894354067,9.21954445729289,18.3575597506858,512.521219072928,500.843288863892,1100.34676352503,1726.20595526722,543.674534993134,1.46799182559032,1.51855194181826,1.48290255917238,0.14456832294801,0.32218007387174,0.403856410126173,0.333466640010661,512.521219072928,543.674534993134,6.93850539690336,16.2073440143658,15.8380554361954,17.1924983641122,500.843288863892
"18",18,18,4.24264068711928,2.44948974278318,44.7772263544762,18.6547581061776,9.79795897113271,9.9498743710662,1,1,4.47213595499958,8.83176086632785,18.6547581061776,513.630217179636,500.671549021911,1214.32285657481,1728.06828568781,543.897049081901,1.47037410205702,1.50731549451334,1.51327459504216,0.368917334913934,0.14247806848775,0.430232495285979,0.304795013082563,513.630217179636,543.897049081901,7.05083581671604,16.242413613746,15.8326245455389,17.199534877432,500.671549021911
"19",19,19,4.35889894354067,2.64575131106459,44.7772263544762,18.3303027798234,9.53939201416946,9.59166304662544,1.4142135623731,1.4142135623731,4.58257569495584,8.77496438739212,18.3303027798234,516.744617775551,501.028941279843,1319.69882927886,1728.37409145127,544.129580155316,1.51228304229069,1.55788317918899,1.54045447839266,0.572538208331985,0,0.214709105535839,0.367559518989782,516.744617775551,544.129580155316,6.92820323027551,16.3408996080387,15.8439262810706,17.2068881556195,501.028941279843
"20",20,20,4.47213595499958,2.82842712474619,44.7772263544762,18.5202591774521,9.79795897113271,9.64365076099295,1.4142135623731,1.4142135623731,4.35889894354067,8.94427190999916,18.5202591774521,515.095136843671,499.296505094919,1416.66086273321,1729.09340407047,544.369359901896,1.57765648986083,1.61554944214035,1.58113883008419,0.466476151587624,0,0.345108678534748,0.202237484161567,515.095136843671,544.369359901896,7,16.2887384410211,15.7891418386181,17.2144706569793,499.296505094919
"21",21,21,4.58257569495584,3,44.7772263544762,18.1659021245849,9.4339811320566,9.64365076099295,1.4142135623731,1.4142135623731,4.58257569495584,8.54400374531753,18.1659021245849,492.178829288705,495.521947041703,1499.722641024,1728.72467443489,544.615460669269,1.70499266860594,1.74413302244984,1.67898779030701,0.688040696470783,0,0.188414436814168,0.358608421540822,492.178829288705,544.615460669269,6.86606562325595,15.564061166675,15.6697798325312,17.2222530465674,495.521947041703
"22",22,22,4.69041575982343,3.16227766016838,44.7772263544762,17.832554500127,9.53939201416946,9.74679434480896,1.4142135623731,1.4142135623731,4.47213595499958,7.93725393319377,17.832554500127,501.416992133294,496.369821806282,1581.32444488789,1727.83448281368,544.845849759361,1.65408585025083,1.680476123008,1.75926120857592,0.0824621125123532,0,0.407430975749267,0.355808937493144,501.416992133294,544.845849759361,6.74007206404883,15.8561975265194,15.6965919867976,17.2295385892948,496.369821806282
"23",23,23,4.79583152331272,3.3166247903554,44.7772263544762,17.2916164657906,9.1104335791443,9.2736184954957,1.73205080756888,1.73205080756888,4.47213595499958,7.81024967590665,17.2916164657906,493.007099340364,500.331889849128,1656.39457859533,1728.77760281651,545.058712433808,1.50499169432924,1.54272486205415,1.60405735558302,0.541940956193569,0,0.273313007374329,0.350856095856977,493.007099340364,545.058712433808,6.53561670497021,15.5902533654845,15.8218835793972,17.2362698980957,500.331889849128
"24",24,24,4.89897948556636,0,44.7772263544762,15.7480157480236,8.48528137423857,8.30662386291807,1.4142135623731,1.4142135623731,4.35889894354067,6.78232998312527,15.7480157480236,495.769099480797,500.938119930995,1728.99681896758,1728.99681896758,545.262322189971,1.48862352527427,1.50199866844149,1.56300991679516,0.143874945699382,0,0.281957443597434,0.453100430368368,495.769099480797,545.262322189971,5.95219047314276,15.6775954788992,15.8410542578453,17.2427086039288,500.938119930995
"25",25,25,5,1,44.7883913531174,18.6815416922694,9.8488578017961,10,1.73205080756888,1.73205080756888,4.79583152331272,8.60232526704263,18.6815416922694,482.992753568829,505.685673121159,482.992753568829,1731.65816488128,545.459439371985,1.53068612066615,1.54822478988033,1.57066864742377,0.824439203337638,0,0.271661554144123,0.302985148150862,482.992753568829,545.459439371985,7.06095906071852,15.2735719463392,15.9911850717825,17.24894199654,505.685673121159
"26",26,26,5.09901951359278,1.4142135623731,44.7883913531174,17.9164728671689,9.53939201416946,9.74679434480896,1.73205080756888,1.73205080756888,4.47213595499958,8,17.9164728671689,469.798893144716,500.651575449434,673.790026640347,1731.87181973725,545.650071016215,1.51426549851735,1.54693244842818,1.57321327225523,0.124498995979887,0,0.0387298334620742,0.480416485978573,469.798893144716,545.650071016215,6.77179022542362,14.8563454456337,15.8319929257185,17.2549702984386,500.651575449434
"27",27,27,5.19615242270663,1.73205080756888,44.7883913531174,17.7763888346312,9.4339811320566,9.4339811320566,2,2,4.47213595499958,8,17.7763888346312,506.579707449874,500.650576749892,842.980426819034,1732.86496877281,545.847964180503,1.56652481627327,1.57987341265052,1.59968746947646,0.241453929352993,0.229128784747792,0.257099202643649,0.392683078321437,506.579707449874,545.847964180503,6.71884343788848,16.0194569196337,15.831961344066,17.261228229764,500.650576749892
"28",28,28,5.29150262212918,2,44.7883913531174,17.8044938147649,9.4339811320566,9.48683298050514,2,2,4.47213595499958,7.93725393319377,17.8044938147649,500.643585797321,500.941114303867,980.438677327654,1732.80264311894,546.049448310316,1.66192659284338,1.68433963320941,1.65166582576501,0.818596359630313,0,0.326649659421221,0.204450483002609,500.643585797321,546.049448310316,6.72946612189365,15.8317402707346,15.8411489482297,17.2675997173898,500.941114303867
"29",29,29,5.3851648071345,2.23606797749979,44.7883913531174,18.3030052177231,9.74679434480896,9.69535971483266,2.23606797749979,2.23606797749979,4.35889894354067,8.24621125123532,18.3030052177231,513.195869040272,499.835973095174,1106.63001947354,1733.00230813464,546.260926664172,1.69499262535269,1.76493625947228,1.70205757834452,0.495883050728698,0,0.202731349327133,0.380131556174964,513.195869040272,546.260926664172,6.91788572160186,16.2286783195675,15.8062013146739,17.2742872501299,499.835973095174
"30",30,30,5.47722557505166,2.44948974278318,44.7883913531174,18.5472369909914,9.8488578017961,9.74679434480896,2.23606797749979,2.23606797749979,4.47213595499958,8.48528137423857,18.5472369909914,513.597118371978,499.995999984,1220.00491802287,1732.99221002288,546.491536988451,1.68789810118976,1.7589769754036,1.70235131509333,0.596992462263972,0,0.293938769133981,0.375499667110372,513.597118371978,546.491536988451,7.01019665507731,16.2413669375456,15.8112618092295,17.2815797888966,499.995999984
"31",31,31,5.56776436283002,2.64575131106459,44.7883913531174,18.5202591774521,9.64365076099295,9.64365076099295,2.44948974278318,2.44948974278318,4.58257569495584,8.60232526704263,18.5202591774521,513.245555265703,499.486736560642,1323.56828308932,1731.95207785897,546.726622728398,1.72162713733259,1.77482393492988,1.71289229083442,0.702922470831599,0,0.30886890422961,0.342490875790874,513.245555265703,546.726622728398,7,16.2302495359745,15.7951574857613,17.2890138527332,499.486736560642
"32",32,32,5.65685424949238,2.82842712474619,44.7883913531174,18.4390889145858,9.64365076099295,9.64365076099295,2.64575131106459,2.64575131106459,4.35889894354067,8.42614977317636,18.4390889145858,514.98155306768,498.939876137396,1420.22498217712,1731.91830061351,546.971662885748,1.71813852759316,1.7589769754036,1.74499283666151,0.472863616701476,0,0.339705755029261,0.32124756808418,514.98155306768,546.971662885748,6.9693205243717,16.2851466066474,15.7778642407647,17.2967627028875,498.939876137396
"33",33,33,5.74456264653803,3,44.7883913531174,17.8605710994918,9.1104335791443,9.32737905308882,2.64575131106459,2.64575131106459,4.24264068711928,8.36660026534076,17.8605710994918,495.585512298332,500.470778367728,1504.20876210718,1732.88949445716,547.222075578097,1.59624559513879,1.65075740192192,1.66823259769134,0,0.453210767744986,0.292916370317536,0.187882942280559,495.585512298332,547.222075578097,6.75066134326324,15.6717899424412,15.8262756199935,17.3046814475159,500.470778367728
"34",34,34,5.8309518948453,3.16227766016838,44.7883913531174,17.3781471969828,9.16515138991168,8.94427190999916,2.82842712474619,2.82842712474619,4.58257569495584,7.41619848709566,17.3781471969828,507.876953601953,501.748941204663,1587.63440375925,1734.76972535262,547.457760927727,1.50266430050095,1.53720525630119,1.58713578499132,0,0.192873015219859,0.47116875957559,0.157797338380595,507.876953601953,547.457760927727,6.56832224718437,16.0604794448983,15.8666946778464,17.3121344726755,501.748941204663
"35",35,35,5.91607978309962,3.3166247903554,44.7883913531174,16.5227116418583,8.48528137423857,8.48528137423857,2.64575131106459,2.64575131106459,4.47213595499958,7.34846922834953,16.5227116418583,495.324136298646,502.236000302647,1663.10823460171,1735.42962980353,547.676912056734,1.50133274126691,1.52315462117278,1.59530561335438,0.414125584816973,0,0.279105714739057,0.373630833845388,495.324136298646,547.676912056734,6.2449979983984,15.6635245075941,15.8820968388938,17.3190646398701,502.236000302647
"36",36,36,6,0,44.7883913531174,15.6204993518133,8.12403840463596,7.87400787401181,2.64575131106459,2.64575131106459,4.58257569495584,6.557438524302,15.6204993518133,498.183701058154,505.149482826618,1736.1209635276,1736.1209635276,547.885024434872,1.52577848982085,1.55659885648166,1.61554944214035,0.51254268114958,0,0.39344631145812,0.149331845230681,498.183701058154,547.885024434872,5.9039938056491,15.753951885162,15.9742292458823,17.325645731112,505.149482826618
"37",37,37,6.08276253029822,1,44.7995535692042,18.4661853126194,9.53939201416946,9.32737905308882,2.82842712474619,2.82842712474619,5.09901951359278,8.24621125123532,18.4661853126194,483.343563110134,504.033729030112,483.343563110134,1736.21859222852,548.085759712839,1.49566038925954,1.54790180567115,1.57638827704344,0.19672315572906,0.13114877048604,0.343947670438397,0.353977400408557,483.343563110134,548.085759712839,6.97956200017492,15.2846655180936,15.9389460128328,17.3319935379633,504.033729030112
"38",38,38,6.16441400296898,1.4142135623731,44.7995535692042,17.3781471969828,8.94427190999916,8.66025403784439,3.16227766016838,3.16227766016838,4.69041575982343,7.61577310586391,17.3781471969828,468.222169487947,499.245430625058,672.94427703934,1735.7929023936,548.277302101774,1.50864177325169,1.55499196139401,1.57733953225043,0,0.292403830344269,0.20174241001832,0.309515750810843,468.222169487947,548.277302101774,6.56832224718437,14.8064850656731,15.7875267220676,17.3380506401383,499.245430625058
"39",39,39,6.2449979983984,1.73205080756888,44.7995535692042,17.2046505340853,8.71779788708135,8.60232526704263,3.16227766016838,3.16227766016838,4.58257569495584,7.54983443527075,17.2046505340853,509.546857511652,504.304471524891,844.092412002383,1736.66116441867,548.473335723807,1.59561900214306,1.65469030334984,1.63309522073883,0.888819441731559,0,0.423674403286297,0.403980197534483,509.546857511652,548.473335723807,6.50274667242345,16.113286443181,15.9475076422618,17.3442497675743,504.304471524891
"40",40,40,6.32455532033676,2,44.7995535692042,17.1464281994822,8.66025403784439,8.24621125123532,3.3166247903554,3.3166247903554,4.69041575982343,7.61577310586391,17.1464281994822,502.588300699489,501.773853443959,982.388416055483,1737.2227836406,548.675678338306,1.68255757702374,1.73579952759528,1.68344884092152,0,0.350570962859162,0.246576560118759,0.125299640861417,502.588300699489,548.675678338306,6.48074069840786,15.8932375556398,15.8674824720244,17.3506484028696,501.773853443959
"41",41,41,6.40312423743285,2.23606797749979,44.7995535692042,17.6351920885484,8.83176086632785,8.54400374531753,3.3166247903554,3.3166247903554,4.47213595499958,8.12403840463596,17.6351920885484,517.275555192781,503.496772581513,1110.25267394409,1738.43233978202,548.887966710876,1.77679486716953,1.80222085217101,1.67212439728628,0.357351367704113,0.109544511501033,0.405585995813465,0.486004115208915,517.275555192781,548.887966710876,6.66547608416469,16.3576893233733,15.921965959014,17.3573615506505,503.496772581513
"42",42,42,6.48074069840786,2.44948974278318,44.7995535692042,17.7763888346312,8.94427190999916,8.54400374531753,3.46410161513775,3.46410161513775,4.58257569495584,8,17.7763888346312,515.14463988282,503.198767884024,1223.94240060552,1738.89016329382,549.115652663444,1.75128524232919,1.78129166617935,1.67570880525227,0.355105618091294,0.101980390271856,0.261725046566048,0.289136645896019,515.14463988282,549.115652663444,6.71884343788848,16.2903038645693,15.912542223039,17.3645616126639,503.198767884024
"43",43,43,6.557438524302,2.64575131106459,44.7995535692042,17.8044938147649,8.88819441731559,8.60232526704263,3.60555127546399,3.60555127546399,4.79583152331272,7.74596669241483,17.8044938147649,516.822987104869,502.676834556756,1328.58571420891,1739.94942455233,549.354166271632,1.72887246493199,1.74785582929485,1.69351705040132,0.568154908453672,0.347850542618522,0.3286335345031,0.227156333832011,516.822987104869,549.354166271632,6.72946612189365,16.3433778638322,15.8960372420299,17.3721040752121,502.676834556756
"44",44,44,6.6332495807108,2.82842712474619,44.7995535692042,17.9722007556114,9.16515138991168,8.66025403784439,3.74165738677394,3.74165738677394,4.58257569495584,7.74596669241483,17.9722007556114,520.792665078916,503.726116059114,1427.0129642018,1741.67792659837,549.603493438679,1.67958328165054,1.6917446615846,1.69381226822809,0.689710084020815,0,0.349714169000914,0.362353418639869,520.792665078916,549.603493438679,6.79285338741071,16.4689101035861,15.9292184365712,17.3799884925163,503.726116059114
"45",45,45,6.70820393249937,3,44.7995535692042,17.606816861659,8.77496438739212,8.48528137423857,3.87298334620742,3.87298334620742,4.58257569495584,7.54983443527075,17.606816861659,495.948586044965,503.657621802748,1510.73823013784,1741.78127214642,549.849070200178,1.69056203672033,1.68226038412607,1.7184295155752,0.347850542618522,0,0.0948683298050514,0.151657508881031,495.948586044965,549.849070200178,6.65475125648692,15.6832713424209,15.9270524580036,17.3877543115838,503.657621802748
"46",46,46,6.78232998312527,3.16227766016838,44.7995535692042,17.5214154679352,8.94427190999916,8.54400374531753,3.87298334620742,3.87298334620742,4.79583152331272,7.14142842854285,17.5214154679352,511.295413630907,503.558338229048,1594.91473126309,1742.78111075373,550.081812097073,1.68463645929916,1.6982343772283,1.75356779167502,0.543323108288245,0.0842614977317636,0.408166632639171,0.229782505861521,511.295413630907,550.081812097073,6.62247256371387,16.1685806427157,15.9239128357323,17.3951142565952,503.558338229048
"47",47,47,6.85565460040104,3.3166247903554,44.7995535692042,16.583123951777,8.24621125123532,7.93725393319377,3.87298334620742,3.87298334620742,4.79583152331272,6.70820393249937,16.583123951777,495.769099480797,501.768871095049,1670.19190514144,1742.90791495133,550.303552596201,1.76351920885484,1.77932571498307,1.84282391996631,0.41024382993532,0,0.0768114574786861,0.477807492616012,495.769099480797,550.303552596201,6.26783170528009,15.6775954788992,15.8673249163178,17.4021263068626,501.768871095049
"48",48,48,6.92820323027551,0,44.7995535692042,16.0934769394311,7.81024967590665,7.48331477354788,3.74165738677394,3.74165738677394,5,6.78232998312527,16.0934769394311,490.184659082677,498.638145351918,1740.63838863792,1740.63838863792,550.510672012814,1.74126390877431,1.77426040929735,1.82784025560222,0.2849561369755,0,0.483528696149463,0.120830459735946,490.184659082677,550.510672012814,6.08276253029822,15.500999967744,15.7683226755416,17.408675997904,498.638145351918
"49",49,49,7,1,44.8107130048162,18.7882942280559,9.16515138991168,8.83176086632785,4.35889894354067,4.35889894354067,5.56776436283002,8,18.7882942280559,482.617861252565,502.421138090347,482.617861252565,1740.43701408583,550.708634397537,1.75157072366491,1.77482393492988,1.81879080710235,0.0574456264653803,0.05,0.263628526529281,0.325115364140177,482.617861252565,550.708634397537,7.10130772664947,15.2617168103723,15.8879514097948,17.4149361181717,502.421138090347
"50",50,50,7.07106781186548,1.4142135623731,44.8107130048162,17.7482393492988,8.48528137423857,8.24621125123532,4.47213595499958,4.47213595499958,5.09901951359278,7.61577310586391,17.7482393492988,470.463601142533,500.450796782261,673.985163041443,1741.04106786715,550.90289525469,1.75042851896329,1.7626684316683,1.83766155752358,0.201246117974981,0,0.390768473651598,0.178605710994918,470.463601142533,550.90289525469,6.70820393249937,14.877365358154,15.8256437467801,17.4210791858599,500.450796782261
"51",51,51,7.14142842854285,1.73205080756888,44.8107130048162,17.6635217326557,8.30662386291807,7.93725393319377,4.69041575982343,4.69041575982343,5.09901951359278,7.41619848709566,17.6635217326557,502.337535925796,499.672893001011,840.594432529743,1738.94479498344,551.096180353303,1.80637759064931,1.83193886360872,1.97002538054716,0,0,0.330605505096331,0.362077339804633,502.337535925796,551.096180353303,6.67618368317024,15.8853076772217,15.801044269288,17.4271913973537,499.672893001011
"52",52,52,7.21110255092798,2,44.8107130048162,17.9443584449264,8.30662386291807,8.06225774829855,4.79583152331272,4.79583152331272,5.19615242270663,7.61577310586391,17.9443584449264,502.083658367806,498.874733775925,979.125630345769,1738.79901081177,551.29483944619,1.86225669551756,1.89420167880825,2.02089089265106,0.259615099714943,0.310966236109324,0.325729949498047,0.441021541423999,502.083658367806,551.29483944619,6.78232998312527,15.8772793639213,15.7758042584206,17.433473549468,498.874733775925
"53",53,53,7.28010988928052,2.23606797749979,44.8107130048162,17.7763888346312,8.06225774829855,7.74596669241483,4.89897948556636,4.89897948556636,4.89897948556636,7.81024967590665,17.7763888346312,511.337461956387,498.149575930764,1104.60581204337,1737.04173812836,551.504306420177,1.94499357325416,1.97027916803685,2.10356839679626,0.198746069143518,0.126885775404495,0.302158898594763,0.222036033111745,511.337461956387,551.504306420177,6.71884343788848,16.1699103275188,15.7528727538821,17.4400974767918,498.149575930764
"54",54,54,7.34846922834953,2.44948974278318,44.8107130048162,18.5741756210067,8.30662386291807,7.68114574786861,5.47722557505166,5.47722557505166,5.47722557505166,8.12403840463596,18.5741756210067,507.428812741255,497.127750180977,1215.58134240371,1734.7694371299,551.720943956272,2.00947754403974,2.059854363784,2.16263727887966,0.473814309619285,0,0.31543620591175,0.339411254969543,507.428812741255,551.720943956272,7.02037850017464,16.0463079865744,15.7205597864707,17.4469481571993,497.127750180977
"55",55,55,7.41619848709566,2.64575131106459,44.8107130048162,18.6547581061776,8.30662386291807,7.81024967590665,5.65685424949238,5.65685424949238,5.74456264653803,7.81024967590665,18.6547581061776,511.468474101777,495.053532458864,1318.80172884327,1733.18175619293,551.947461267828,2.01270961641266,2.059854363784,2.1686401268998,0.268886593194975,0.120415945787923,0.29732137494637,0.293768616431368,511.468474101777,551.947461267828,7.05083581671604,16.1740532953246,15.6549672628211,17.454111263539,495.053532458864
"56",56,56,7.48331477354788,2.82842712474619,44.8107130048162,18.6815416922694,8.30662386291807,8.12403840463596,5.74456264653803,5.74456264653803,5.56776436283002,7.68114574786861,18.6815416922694,510.49877570862,495.145433181,1414.15946766975,1730.1167590657,552.180224202207,1.946535383701,1.98015150935478,2.07412632209323,0.321714158842908,0.0316227766016838,0.435315977193578,0.346987031457949,510.49877570862,552.180224202207,7.06095906071852,16.1433887396668,15.6578734188267,17.4614718738141,495.145433181
"57",57,57,7.54983443527075,3,44.8107130048162,19.6214168703486,8.36660026534076,8.83176086632785,6.2449979983984,6.2449979983984,6,7.68114574786861,19.6214168703486,489.496680274749,495.962700210409,1496.48053779526,1728.27833406544,552.411078817216,1.93907194296653,1.93571692145313,2.00599102689917,0.238537208837531,0.114017542509914,0.328937684067971,0.357211421989835,489.496680274749,552.411078817216,7.41619848709566,15.4792441675942,15.6837176715216,17.4687721377319,495.962700210409
"58",58,58,7.61577310586391,3.16227766016838,44.8107130048162,19.3390796058137,8.06225774829855,8.60232526704263,6.32455532033676,6.32455532033676,6.40312423743285,7.28010988928052,19.3390796058137,505.814195134933,496.302327215982,1579.65249343012,1726.66470398859,552.632789472358,1.75071414000116,1.79080987265539,1.89103146457165,0.09,0,0.331209903233584,0.12328828005938,505.814195134933,552.632789472358,7.30948503169487,15.9952492947125,15.6944576204468,17.4757832442497,496.302327215982
"59",59,59,7.68114574786861,3.3166247903554,44.8107130048162,19.1049731745428,7.74596669241483,8.24621125123532,6.2449979983984,6.2449979983984,7.14142842854285,7,19.1049731745428,486.276670219742,497.021126311548,1652.80579621443,1723.96316665989,552.829087512587,1.46731046476197,1.52282631970951,1.69587735405601,0.581377674149945,0,0.181107702762748,0.197484176581315,486.276670219742,552.829087512587,7.22100111777149,15.3774185089696,15.7171880436674,17.4819907333233,497.021126311548
"60",60,60,7.74596669241483,0,44.8107130048162,18.8679622641132,7.34846922834953,8.06225774829855,6.2449979983984,6.2449979983984,7.81024967590665,6.48074069840786,18.8679622641132,491.67265533076,496.616552281536,1724.38655759084,1724.38655759084,553.016274624898,1.31186889588861,1.33902949930164,1.56492811336496,0.133790881602597,0.230867927612304,0.440113621693308,0.253574446662119,491.67265533076,553.016274624898,7.13141941391354,15.5480545406813,15.7043942894974,17.4879101095585,496.616552281536
"61",61,61,7.81024967590665,1,44.8218696620299,22.1810730128188,8.71779788708135,9.8488578017961,7.21110255092798,7.21110255092798,8.54400374531753,8.24621125123532,22.1810730128188,474.898936617045,495.333221175402,474.898936617045,1722.24214325396,553.204302224775,1.34944433008554,1.37113092008021,1.51393526942204,0.326649659421221,0.160312195418814,0.0969535971483266,0.401870625948202,474.898936617045,553.204302224775,8.38365757206926,15.017622981018,15.6638117966222,17.4938560643444,495.333221175402
"62",62,62,7.87400787401181,1.4142135623731,44.8218696620299,21.7025344142107,8.71779788708135,9.89949493661167,7.14142842854285,7.14142842854285,8.66025403784439,7.41619848709566,21.7025344142107,466.522239555629,498.336231875628,665.711649289691,1721.16995093454,553.386844802079,1.39355660093159,1.42968528005292,1.48155323900291,0.363730669589464,0,0.237065391822594,0.376828873628335,466.522239555629,553.386844802079,8.20278698283177,14.7527285611849,15.7587753331279,17.4996285674868,498.336231875628
"63",63,63,7.93725393319377,1.73205080756888,44.8218696620299,21.142374511866,8.24621125123532,8.77496438739212,7.41619848709566,7.41619848709566,8.48528137423857,7.48331477354788,21.142374511866,499.74093288423,495.473510896395,832.414560180203,1720.41390368713,553.56842395498,1.40960987510729,1.43527000944073,1.44637477854116,0.228473193175917,0.0458257569495584,0.357211421989835,0.26,499.74093288423,553.56842395498,7.99106644054114,15.803195879315,15.6682481471286,17.5053706044745,495.473510896395
"64",64,64,8,2,44.8218696620299,20.591260281974,7.93725393319377,8.77496438739212,7.14142842854285,7.14142842854285,8.18535277187245,7.41619848709566,20.591260281974,501.372117294131,497.485678185815,971.744822471414,1720.20638296688,553.755361147863,1.43909693905588,1.47139389695622,1.48996644257513,0.104880884817015,0,0.338821486921948,0.0979795897113271,501.372117294131,553.755361147863,7.78276484107214,15.8547784595055,15.7318784638072,17.5112820775636,497.485678185815
"65",65,65,8.06225774829855,2.23606797749979,44.8218696620299,20.3469899493758,7.54983443527075,7.87400787401181,7.28010988928052,7.28010988928052,7.93725393319377,7.93725393319377,20.3469899493758,508.208618580992,497.158928311662,1096.61433512425,1719.27862779714,553.952163999745,1.51294414966317,1.54045447839266,1.49231363995643,0.478225888048734,0,0.389486841883009,0.249799919935936,508.208618580992,553.952163999745,7.69043933353987,16.070967612437,15.7215457255322,17.5175055301832,497.158928311662
"66",66,66,8.12403840463596,2.44948974278318,44.8218696620299,21.4009345590327,8.06225774829855,8.83176086632785,7.48331477354788,7.48331477354788,8.18535277187245,8.18535277187245,21.4009345590327,508.325683002541,496.552112068814,1208.7013692389,1719.54354408372,554.157017459853,1.62634559672906,1.65981926726978,1.59028299368383,0.303809150619266,0.0282842712474619,0.39,0.245153013442625,508.325683002541,554.157017459853,8.08879295250975,16.0746695144877,15.7023565110464,17.5239835653883,496.552112068814
"67",67,67,8.18535277187245,2.64575131106459,44.8218696620299,21.6333076527839,8.24621125123532,9.32737905308882,7.48331477354788,7.48331477354788,8.42614977317636,7.87400787401181,21.6333076527839,514.268412407373,497.113669093901,1313.5566223045,1720.37844673781,554.366304892352,1.59059737205869,1.63890207151007,1.59373774505092,0.420594816896262,0.601747455333215,0.357071421427142,0.222261107708929,514.268412407373,554.366304892352,8.17662172643097,16.262595118861,15.7201145033998,17.5306018151118,497.113669093901
"68",68,68,8.24621125123532,2.82842712474619,44.8218696620299,21.7715410570772,8.06225774829855,9.16515138991168,7.81024967590665,7.81024967590665,8.30662386291807,8.12403840463596,21.7715410570772,510.193100698157,497.383152107105,1409.1586142092,1720.28776662511,554.589938603289,1.61647765218082,1.66913151069651,1.62296025829347,0.31,0.216333076527839,0.252784493195291,0.29732137494637,510.193100698157,554.589938603289,8.22886904223695,16.1337224470982,15.7286363045243,17.5376737339933,497.383152107105
"69",69,69,8.30662386291807,3,44.8218696620299,21.2367605815953,7.87400787401181,8.71779788708135,7.54983443527075,7.54983443527075,8.18535277187245,8.12403840463596,21.2367605815953,491.904462268843,496.327512838045,1492.54748668175,1720.97443327901,554.820691755454,1.59059737205869,1.66403124970657,1.62049375191637,0.554887375960203,0,0.327261363439071,0.328785644455472,491.904462268843,554.820691755454,8.0267410216458,15.555384919699,15.6952540597469,17.5449707893744,496.327512838045
"70",70,70,8.36660026534076,3.16227766016838,44.8218696620299,20.6397674405503,7.68114574786861,7.93725393319377,7.48331477354788,7.48331477354788,8.48528137423857,7.48331477354788,20.6397674405503,502.204141759106,493.884601906154,1574.77204699601,1719.91685845566,555.041439894356,1.5965587994183,1.64863579968409,1.6346253393362,0.124096736459909,0.713161973187017,0.668131723539603,0.17,502.204141759106,555.041439894356,7.8010988237006,15.8810893832885,15.6180024330898,17.5519514584561,493.884601906154
"71",71,71,8.42614977317636,3.3166247903554,44.8218696620299,20.1246117974981,7.28010988928052,7.74596669241483,7.21110255092798,7.21110255092798,8.83176086632785,7.07106781186548,20.1246117974981,487.097526169041,496.566209079917,1648.38405719056,1720.14883077017,555.23778689855,1.63248277173145,1.66973051717934,1.67092788593643,0.70128453569147,0,0.166733320005331,0.522111099288264,487.097526169041,555.23778689855,7.60638829255665,15.4033762532764,15.7028022976792,17.5581604959062,496.566209079917
"72",72,72,8.48528137423857,0,44.8218696620299,19.5448202856921,6.85565460040104,8.24621125123532,6.85565460040104,6.85565460040104,8.60232526704263,6.78232998312527,19.5448202856921,489.482379662435,494.37940895632,1719.52435283714,1719.52435283714,555.423262026358,1.61864140562386,1.6583123951777,1.65680415257809,0,0.530942558098331,0.477598157450382,0.108627804912002,489.482379662435,555.423262026358,7.38724769934166,15.4787919425257,15.6336496058982,17.564025734438,494.37940895632
"73",73,73,8.54400374531753,1,44.8330235429198,22.0454076850486,7.81024967590665,9.64365076099295,7.61577310586391,7.61577310586391,8.94427190999916,8.12403840463596,22.0454076850486,469.93510190238,492.431721155329,469.93510190238,1718.15977138333,555.613174789799,1.65227116418583,1.68760184877832,1.6867127793433,0.257099202643649,0.0916515138991168,0.391790760483195,0.157480157480236,469.93510190238,555.613174789799,8.33238089795296,14.8606527447485,15.5720583096776,17.5700313033301,492.431721155329
"74",74,74,8.60232526704263,1.4142135623731,44.8330235429198,21.4009345590327,7.61577310586391,9.74679434480896,7.48331477354788,7.48331477354788,8.54400374531753,7.48331477354788,21.4009345590327,458.949888332049,491.665536721865,656.866044182526,1716.11887700124,555.791327748104,1.630030674558,1.66943104080402,1.66883192682786,0.188679622641132,0.475815090134813,0.21142374511866,0.240416305603426,458.949888332049,555.791327748104,8.08879295250975,14.5132697900921,15.5478294305025,17.5756649945315,491.665536721865
"75",75,75,8.66025403784439,1.73205080756888,44.8330235429198,21.2602916254693,7.48331477354788,9.32737905308882,7.74596669241483,7.74596669241483,8.77496438739212,7,21.2602916254693,504.220189996394,498.121471129282,828.076687269965,1717.42860113601,555.963128273809,1.67122709408387,1.69941166289984,1.70733710789639,0.430348695827,0.143178210632764,0.219772609758359,0.291376045686669,504.220189996394,555.963128273809,8.03563492024299,15.9448424263145,15.7519840020234,17.5810978041759,498.121471129282
"76",76,76,8.71779788708135,2,44.8330235429198,20.9045449603669,7.28010988928052,8.77496438739212,7.81024967590665,7.81024967590665,8.42614977317636,7.07106781186548,20.9045449603669,503.920628670826,499.062120381822,969.353908539085,1718.17432177297,556.133077599238,1.69322178110252,1.72220788524498,1.74899971412233,0.567538544946508,0,0.343656805548792,0.305450486986025,503.920628670826,556.133077599238,7.90117531944276,15.9353694654376,15.781729943197,17.5864720737276,499.062120381822
"77",77,77,8.77496438739212,2.23606797749979,44.8330235429198,20.8326666559997,7.28010988928052,8.83176086632785,7.87400787401181,7.87400787401181,8.06225774829855,6.92820323027551,20.8326666559997,506.879670138782,497.465576698529,1093.88024938747,1717.7817090655,556.300278626571,1.6873055443517,1.7259779836371,1.75185615847877,0.412553026894725,0.498898787330657,0.354118624192515,0.20174241001832,506.879670138782,556.300278626571,7.87400787401181,16.0289425727339,15.7312427989654,17.5917594344625,497.465576698529
"78",78,78,8.83176086632785,2.44948974278318,44.8330235429198,22.0680764907139,7.34846922834953,9.05538513813742,8.60232526704263,8.60232526704263,9.05538513813742,7.14142842854285,22.0680764907139,509.983333060993,497.471607230001,1206.92046133952,1718.2729701651,556.476414594545,1.65317875621483,1.70029409220876,1.71697408250678,0.59464274989274,0,0.426497362242722,0.22,509.983333060993,556.476414594545,8.34094890114,16.1270890119699,15.7314335011149,17.5973293428293,497.471607230001
"79",79,79,8.88819441731559,2.64575131106459,44.8330235429198,21.095023109729,6.92820323027551,8.83176086632785,7.34846922834953,7.34846922834953,10,6.70820393249937,21.095023109729,515.087371229387,499.162298255788,1312.23930744358,1718.51825710407,556.665069857989,1.65166582576501,1.7,1.70616529093755,0.497091540865463,0,0.448553229840116,0.152970585407784,515.087371229387,556.665069857989,7.97316929278619,16.2884928707355,15.7848978457258,17.6032951460799,499.162298255788
"80",80,80,8.94427190999916,2.82842712474619,44.8330235429198,18.8944436276912,6.78232998312527,6.32455532033676,7,7,8.06225774829855,6.6332495807108,18.8944436276912,513.650659495342,499.521771297308,1409.18770928503,1719.5479057008,556.863538041413,1.65317875621483,1.69882312204655,1.72017440976199,0.604235053600832,0,0.207846096908265,0.259422435421457,513.650659495342,556.863538041413,7.14142842854285,16.2430600565288,15.7962653814122,17.6095712611068,499.521771297308
"81",81,81,9,3,44.8330235429198,18.2208671582886,6.70820393249937,5.74456264653803,7.07106781186548,7.07106781186548,7.48331477354788,6.16441400296898,18.2208671582886,494.653414018341,498.709334181746,1493.48284221815,1720.33630433122,557.066423328493,1.65136307334275,1.67928556237467,1.71639156371732,0.500699510684802,0,0.380788655293195,0.379209704517171,494.653414018341,557.066423328493,6.88684045325368,15.6423144067622,15.7705738640038,17.615987057216,498.709334181746
"82",82,82,9.05538513813742,3.16227766016838,44.8330235429198,18.0277563773199,6.557438524302,5.47722557505166,7.34846922834953,7.34846922834953,7.41619848709566,5.56776436283002,18.0277563773199,506.354618819657,499.918993437937,1576.98668352019,1721.55278745672,557.259365107487,1.67809415707224,1.7111399708966,1.7469974241538,0.271108834234519,0,0.353128871660192,0.324037034920393,506.354618819657,557.259365107487,6.81385143869247,16.0123389921648,15.8088266484265,17.6220884119902,499.918993437937
"83",83,83,9.1104335791443,3.3166247903554,44.8330235429198,18.3303027798234,6.40312423743285,5.19615242270663,7.81024967590665,7.81024967590665,7.74596669241483,5.65685424949238,18.3303027798234,489.468078632305,497.638422953855,1651.20138081338,1722.22501433465,557.435198027538,1.69292646030476,1.73464693814044,1.77200451466693,0,0,0.188944436276912,0.264196896272458,489.468078632305,557.435198027538,6.92820323027551,15.4783397042448,15.736708677484,17.6276487371402,497.638422953855
"84",84,84,9.16515138991168,0,44.8330235429198,18.0554700852678,6.16441400296898,4.79583152331272,7.48331477354788,7.48331477354788,8.66025403784439,5.47722557505166,18.0554700852678,490.713765855412,494.687780322094,1722.57539747902,1722.57539747902,557.602905300896,1.73320512346346,1.77144009212844,1.80083314052135,0.360277670693036,0.380919939094818,0.464327470649756,0.353411940941446,490.713765855412,557.602905300896,6.82432623571211,15.5177317930167,15.6434011647084,17.6329521067801,494.687780322094
"85",85,85,9.21954445729289,1,44.8441746495573,21.540659228538,7.48331477354788,5.91607978309962,9.16515138991168,9.16515138991168,9,7.28010988928052,21.540659228538,473.06447763492,496.868191777256,473.06447763492,1723.43204101583,557.756219149549,1.7632356620713,1.79666357451806,1.84065205837497,0.0678232998312527,0,0.279105714739057,0.447101778122163,473.06447763492,557.756219149549,8.14160391358572,14.9596122944413,15.7123518290547,17.637800316366,496.868191777256
"86",86,86,9.2736184954957,1.4142135623731,44.8441746495573,20.2977831301844,7.07106781186548,5.65685424949238,8.83176086632785,8.83176086632785,8.06225774829855,6.6332495807108,20.2977831301844,462.020562312978,495.151491969882,661.25184309762,1724.25230172385,557.897840110535,1.79415718374952,1.83193886360872,1.89314553059188,0,0,0.296647939483827,0.2849561369755,462.020562312978,557.897840110535,7.67184090405575,14.6103730274076,15.658065014554,17.6422787643774,495.151491969882
"87",87,87,9.32737905308882,1.73205080756888,44.8441746495573,19.5448202856921,7.07106781186548,5.65685424949238,8.24621125123532,8.24621125123532,7.54983443527075,6.48074069840786,19.5448202856921,503.114301128481,496.082654403477,830.889884401056,1723.9295229214,558.046593036818,1.88706120727442,1.93002590656188,1.97610728453695,0.397114593033296,0,0.425205832509386,0.366742416417845,503.114301128481,558.046593036818,7.38724769934166,15.9098711496982,15.6875109561715,17.646982744934,496.082654403477
"88",88,88,9.38083151964686,2,44.8441746495573,19.2353840616713,7,5.56776436283002,7.93725393319377,7.93725393319377,7.68114574786861,6.48074069840786,19.2353840616713,499.577821765538,495.854817461724,969.513279950306,1722.66508642858,558.204263688482,1.94833262047321,1.99173291382153,2.01593650693666,0.503686410378521,0.288790581563873,0.506458290484024,0.317332633052449,499.577821765538,558.204263688482,7.2702917999997,15.7980378528474,15.6803061194608,17.6519687287282,495.854817461724
"89",89,89,9.4339811320566,2.23606797749979,44.8441746495573,19.6468827043885,6.92820323027551,5.47722557505166,8.24621125123532,8.24621125123532,7.61577310586391,6.70820393249937,19.6468827043885,504.066463871581,493.468337383464,1092.72091587926,1721.83913302027,558.368158117921,1.97484176581315,2.02039600078796,2.01171568567728,0.217485631709315,0.46690470119715,0.513711981561653,0.39420806688854,504.066463871581,558.368158117921,7.4258236676383,15.9399811794117,15.6048389930816,17.6571515256567,493.468337383464
"90",90,90,9.48683298050514,2.44948974278318,44.8441746495573,20.3715487874634,7,5.56776436283002,8.88819441731559,8.88819441731559,7.74596669241483,6.70820393249937,20.3715487874634,508.281418114021,495.184813983628,1205.15102787991,1721.33610895723,558.547222712637,1.91781125244379,1.96239649408574,1.98317926572461,0.554616984954482,0.0721110255092798,0.22293496809608,0.391279950930277,508.281418114021,558.547222712637,7.69972170183535,16.0732697358067,15.6591187491506,17.6628140453326,495.184813983628
"91",91,91,9.53939201416946,2.64575131106459,44.8441746495573,20.2977831301844,6.85565460040104,5.29150262212918,9,9,7.87400787401181,6.6332495807108,20.2977831301844,510.073524111966,495.667227078813,1308.64968574481,1719.84243464336,558.736073651952,1.91441897190766,1.94576463119258,1.97610728453695,0.742428447730823,0.154919333848297,0.264764045897475,0.330907842155486,510.073524111966,558.736073651952,7.67184090405575,16.1299411034263,15.6743739906894,17.6687860363976,495.667227078813
"92",92,92,9.59166304662544,2.82842712474619,44.8441746495573,20.6881608655772,6.92820323027551,5.47722557505166,9.21954445729289,9.21954445729289,7.81024967590665,6.6332495807108,20.6881608655772,510.417476189834,494.383454415699,1404.66722037641,1718.87928604658,558.932911895515,1.91415777824086,1.93881407050805,1.96468827043885,0.672011904656458,0,0.278028775489157,0.448441746495573,510.417476189834,558.932911895515,7.819389819088,16.1408178231464,15.6337775345564,17.6750106082005,494.383454415699
"93",93,93,9.64365076099295,3,44.8441746495573,20.1990098767242,6.70820393249937,5.19615242270663,9.16515138991168,9.16515138991168,7.61577310586391,6.40312423743285,20.1990098767242,491.997967475476,495.264575757241,1488.3383351913,1718.11699252408,559.132363577713,1.90368064548653,1.93778223750761,1.9588261791185,0.55659680200303,0.0830662386291807,0.354541958024717,0.337638860322683,491.997967475476,559.132363577713,7.63450812336422,15.5583418139595,15.6616410378989,17.6813178241895,495.264575757241
"94",94,94,9.69535971483266,3.16227766016838,44.8441746495573,20.3715487874634,6.70820393249937,5,8.60232526704263,8.60232526704263,7.81024967590665,6,20.3715487874634,501.902380946734,496.586346973011,1570.68679245736,1716.81012345571,559.313865374353,1.85849401398014,1.90052624291274,1.94884581226941,0.178605710994918,0,0.236220236220354,0.157797338380595,501.902380946734,559.313865374353,7.69972170183535,15.8715468685318,15.7034391137738,17.6870574149574,496.586346973011
"95",95,95,9.74679434480896,3.3166247903554,44.8441746495573,18.1383571472171,6.40312423743285,4.69041575982343,7.61577310586391,7.61577310586391,7.54983443527075,5.74456264653803,18.1383571472171,488.400450450243,496.321468405307,1644.86838379245,1716.50575297609,559.480115821823,1.83983694929741,1.88732615093417,1.99047732968753,0.436233882223745,0,0.317647603485372,0.22293496809608,488.400450450243,559.480115821823,6.85565460040104,15.4445783367498,15.6950629180007,17.6923147157177,496.321468405307
"96",96,96,9.79795897113271,0,44.8441746495573,17.464249196573,6.2449979983984,4.47213595499958,7.21110255092798,7.21110255092798,7.81024967590665,5.47722557505166,17.464249196573,494.782780621961,500.111987458809,1717.67342646965,1717.67342646965,559.641849757503,1.81024860171193,1.85067555233217,1.96494274725754,0.463033476111609,0.136381816969859,0.346698716467194,0.363318042491699,494.782780621961,559.641849757503,6.60086574408453,15.6464053379682,15.814929655234,17.6974291918346,500.111987458809
"97",97,97,9.8488578017961,1,44.8553229840116,19.6468827043885,6.85565460040104,5.09901951359278,8.06225774829855,8.06225774829855,8.54400374531753,6.48074069840786,19.6468827043885,476.997903559334,499.580824291726,476.997903559334,1718.76089087459,559.791925629515,1.84065205837497,1.88308257917703,1.95780489324141,0.665206734782504,0,0.131529464379659,0.279463772249642,476.997903559334,559.791925629515,7.4258236676383,15.0839981437283,15.7981328010623,17.7021750076085,499.580824291726
"98",98,98,9.89949493661167,1.4142135623731,44.8553229840116,18.5741756210067,6.48074069840786,4.89897948556636,7.81024967590665,7.81024967590665,7.74596669241483,6,18.5741756210067,467.114546979646,500.197960811517,667.625643605756,1720.13720382997,559.935710595422,1.89103146457165,1.94164878389476,1.98821528009419,0.417612260356422,0,0.331511689085015,0.199248588451713,467.114546979646,559.935710595422,7.02037850017464,14.7714589665341,15.8176483713604,17.7067218874641,500.197960811517
"99",99,99,9.9498743710662,1.73205080756888,44.8553229840116,18.3847763108502,6.32455532033676,4.89897948556636,7.87400787401181,7.87400787401181,7.28010988928052,6.08276253029822,18.3847763108502,506.128442196247,499.581825129778,837.788756190963,1721.02120846897,560.085707726951,1.95627196473292,2.01767192575998,2.03150190745665,0.883119470966415,0,0.406571027005122,0.336749164809655,506.128442196247,560.085707726951,6.94879228972303,16.0051866593302,15.7981644503404,17.7114652132453,499.581825129778
"100",100,100,10,2,44.8553229840116,18.5472369909914,5.91607978309962,5.09901951359278,7.93725393319377,7.93725393319377,7.48331477354788,6.2449979983984,18.5472369909914,499.393632318234,497.113669093901,975.337890169351,1720.96775100523,560.236557179197,1.97306867594618,2.02237484161567,2.02854627751008,0.66060578259655,0,0.168226038412607,0.278926513619627,499.393632318234,560.236557179197,7.01019665507731,15.7922132711029,15.7201145033998,17.7162354917742,497.113669093901
"101",101,101,10.0498756211209,2.23606797749979,44.8553229840116,18.9736659610103,6.16441400296898,5.19615242270663,8.18535277187245,8.18535277187245,7.28010988928052,6.48074069840786,18.9736659610103,510.660356793045,497.53994814487,1100.9350571219,1722.91090889808,560.395396126699,1.92301846064982,1.99549492607724,1.99474309122754,0.761708605701682,0,0.242899156029822,0.453100430368368,510.660356793045,560.395396126699,7.17137165600636,16.1484983822026,15.7335946305986,17.7212584203267,497.53994814487
"102",102,102,10.0995049383621,2.44948974278318,44.8553229840116,19.157244060668,6.16441400296898,5.19615242270663,8.42614977317636,8.42614977317636,7.28010988928052,6.32455532033676,19.157244060668,510.270516491008,497.645456123132,1213.43891482019,1723.49847693579,560.5684614746,1.87483332592527,1.93907194296653,1.93881407050805,0.52,0.143874945699382,0.246576560118759,0.589321643926303,510.270516491008,560.5684614746,7.24075765569953,16.1361705494209,15.7369310858248,17.7267312271609,497.645456123132
"103",103,103,10.1488915650922,2.64575131106459,44.8553229840116,19.2613602842582,6.16441400296898,5.19615242270663,8.42614977317636,8.42614977317636,7.61577310586391,6.32455532033676,19.2613602842582,510.141156935999,495.71160970871,1316.31265282987,1723.51878434788,560.751281764028,1.8528356645963,1.90525588832577,1.92898937270271,0.779358710735949,0,0.228910462845192,0.342928563989645,510.141156935999,560.751281764028,7.28010988928052,16.1320798411116,15.6757774926796,17.7325125123317,495.71160970871
"104",104,104,10.1980390271856,2.82842712474619,44.8553229840116,19,6.16441400296898,5.29150262212918,8.36660026534076,8.36660026534076,7.14142842854285,6.16441400296898,19,514.177984748472,496.058464296296,1413.17302549971,1724.63619352025,560.947412865056,1.92976682529263,1.97357543559906,1.99574547475373,0.616684684421464,0,0.243515913237718,0.41206795556073,514.177984748472,560.947412865056,7.18132498717532,16.2597355452049,15.6867459978161,17.7387147223242,496.058464296296
"105",105,105,10.2469507659596,3,44.8553229840116,18.6547581061776,6,5.09901951359278,8.18535277187245,8.18535277187245,7.28010988928052,5.91607978309962,18.6547581061776,488.7402172934,496.319453578036,1495.30097304857,1723.70966232716,561.140802294754,1.96443376065471,2.00324736365732,2.02977831301844,0.40767634221279,0,0.237276210354093,0.491222963632605,488.7402172934,561.140802294754,7.05083581671604,15.4553227077276,15.694999203568,17.7448302330566,496.319453578036
"106",106,106,10.295630140987,3.16227766016838,44.8553229840116,19.0787840283389,5.8309518948453,4.79583152331272,9,9,7.34846922834953,5.47722557505166,19.0787840283389,503.561317021075,495.256499200162,1577.81462789518,1724.19372461449,561.324326926956,1.92717409696166,2.00274811197015,2.02336353629297,0.209045449603669,0.0860232526704263,0.283725219182222,0.232379000772445,503.561317021075,561.324326926956,7.21110255092798,15.9240070334071,15.6613856347387,17.7506337915016,495.256499200162
"107",107,107,10.3440804327886,3.3166247903554,44.8553229840116,18.0831413200251,5.3851648071345,4.47213595499958,8.36660026534076,8.36660026534076,7.41619848709566,5.29150262212918,18.0831413200251,490.266254192556,497.572105327459,1652.3032409337,1724.79419062101,561.49443452273,1.85580171354593,1.91781125244379,2,0.58642987645583,0.114017542509914,0,0.578446194559183,490.266254192556,561.49443452273,6.83478497937468,15.5035802316755,15.7346115299997,17.756013066001,497.572105327459
"108",108,108,10.3923048454133,0,44.8553229840116,16.8819430161341,5.19615242270663,4.12310562561766,7.41619848709566,7.41619848709566,7.54983443527075,4.89897948556636,16.8819430161341,488.578550491116,497.216250740058,1723.02495629053,1723.02495629053,561.645795853579,1.82263545449988,1.87082869338697,1.99022611780672,0.516817182376902,0,0.23473389188611,0.149666295470958,488.578550491116,561.645795853579,6.38077469546494,15.450210354555,15.7233584198796,17.7607995315526,497.216250740058
"109",109,109,10.4403065089106,1,44.8664685483491,19.0525588832576,5.91607978309962,4.89897948556636,8.36660026534076,8.36660026534076,7.93725393319377,6,19.0525588832576,478.97703494009,499.289495182905,478.97703494009,1723.57361316539,561.775755973858,1.82318402801253,1.87803088366512,1.97711911629016,0.163401346383682,0.0953939201416946,0.316701752442262,0.235796522451032,478.97703494009,561.775755973858,7.20119037778775,15.1465837732474,15.7889201657365,17.7649092314034,499.289495182905
"110",110,110,10.4880884817015,1.4142135623731,44.8664685483491,17.7482393492988,5.65685424949238,4.58257569495584,7.87400787401181,7.87400787401181,7,5.3851648071345,17.7482393492988,464.546014943622,498.822613761646,667.249578493685,1722.87927609569,561.898567358914,1.91520233917986,1.96824795185972,2.02756011008305,0.091104335791443,0,0.351567916624939,0.378549864614954,464.546014943622,561.898567358914,6.70820393249937,14.6902348517646,15.7741560788525,17.7687928683971,498.822613761646
"111",111,111,10.5356537528527,1.73205080756888,44.8664685483491,18.0831413200251,5.65685424949238,4.47213595499958,8.30662386291807,8.30662386291807,6.78232998312527,5.56776436283002,18.0831413200251,503.0168983245,498.37736706235,835.612350315623,1721.96747936771,562.032917185462,1.92691463225541,1.97813043048228,2.01692835767659,0.396862696659689,0.30854497241083,0.113137084989848,0.452216762183801,503.0168983245,562.032917185462,6.83478497937468,15.9067910025875,15.760076141948,17.7730413829485,498.37736706235
"112",112,112,10.5830052442584,2,44.8664685483491,18.7882942280559,5.56776436283002,4.47213595499958,9,9,6.78232998312527,5.65685424949238,18.7882942280559,502.059757399455,498.01606399794,974.838961059723,1722.74258088665,562.177018384779,1.88838555385281,1.94525062652605,1.9824227601599,0.173493515728975,0.479791621435806,0.347562943939655,0.253968501984006,502.059757399455,562.177018384779,7.10130772664947,15.8765235489385,15.7486507358567,17.7775982629825,498.01606399794
"113",113,113,10.6301458127346,2.23606797749979,44.8664685483491,18.2756668824971,5.56776436283002,4.58257569495584,8.42614977317636,8.42614977317636,6.48074069840786,5.8309518948453,18.2756668824971,513.230942169312,498.753446103383,1101.68870376345,1723.50630982309,562.336198372468,1.9028925350634,1.94576463119258,1.9672315572906,0.10295630140987,0.151657508881031,0.365239647354993,0.238746727726266,513.230942169312,562.336198372468,6.90755280213519,16.2297874292919,15.7719688054472,17.7826319761727,498.753446103383
"114",114,114,10.6770782520313,2.44948974278318,44.8664685483491,18.3030052177231,5.65685424949238,4.58257569495584,8.36660026534076,8.36660026534076,6.6332495807108,5.74456264653803,18.3030052177231,509.882339368604,499.462711320875,1213.95963689078,1723.3917140337,562.504222206376,1.90630532706595,1.94910235749691,1.96188684689,0.514295634824952,0,0.388587184554509,0.389101529166874,509.882339368604,562.504222206376,6.91788572160186,16.1238953109973,15.7943977409713,17.7879453563361,499.462711320875
"115",115,115,10.7238052947636,2.64575131106459,44.8664685483491,18.6279360101972,5.65685424949238,4.58257569495584,8.48528137423857,8.48528137423857,6.85565460040104,5.91607978309962,18.6279360101972,513.756751780451,497.443464124316,1318.19725382812,1724.46513446924,562.688190741551,1.8926172354705,1.95473783408415,1.9662146373171,0.517493961317424,0.252784493195291,0.451995575199581,0.22956480566498,513.756751780451,562.688190741551,7.04069801734378,16.2464149891599,15.730543537971,17.7937629522257,497.443464124316
"116",116,116,10.770329614269,2.82842712474619,44.8664685483491,19.9248588451713,5.56776436283002,4.58257569495584,10,10,6.48074069840786,5.65685424949238,19.9248588451713,517.746076759641,500.705502266552,1416.2291481254,1725.53238161444,562.888976619724,1.8928814014618,1.94190627992187,1.97610728453695,0.345253530032641,0.0670820393249937,0.25298221281347,0.322800247831379,517.746076759641,562.888976619724,7.5308887731984,16.3725685217684,15.833698241409,17.8001123591959,500.705502266552
"117",117,117,10.816653826392,3,44.8664685483491,18.2482875908947,5.56776436283002,4.47213595499958,8.48528137423857,8.48528137423857,6.6332495807108,5.3851648071345,18.2482875908947,492.479441195265,499.727925975725,1499.41355202626,1726.59491485409,563.087914983087,1.88202019117755,1.93157966441977,1.99022611780672,0.504479930225178,0,0.537401153701776,0.118743420870379,492.479441195265,563.087914983087,6.89720440261332,15.5735673498399,15.8027845647531,17.8064033426181,499.727925975725
"118",118,118,10.8627804912002,3.16227766016838,44.8664685483491,17.8605710994918,5.3851648071345,4.35889894354067,8.18535277187245,8.18535277187245,6.85565460040104,5.19615242270663,17.8605710994918,508.672782837848,499.545793696634,1583.34740344626,1728.092590112,563.277018881474,1.83248465205032,1.88334808253812,1.9710403344427,0.114017542509914,0.2343074902772,0.372827037646145,0.23895606290697,508.672782837848,563.277018881474,6.75066134326324,16.0856457750381,15.7970250363795,17.8123833329513,499.545793696634
"119",119,119,10.9087121146357,3.3166247903554,44.8664685483491,16.5227116418583,5.09901951359278,4,7.34846922834953,7.34846922834953,6.48074069840786,4.89897948556636,16.5227116418583,489.954079480924,500.36186905079,1657.42058633287,1727.93315842946,563.45186129784,1.80637759064931,1.85499326144329,1.95933662243117,0.156524758424985,0,0.156204993518133,0.128062484748657,489.954079480924,563.45186129784,6.2449979983984,15.4937084005089,15.8228316049941,17.8179123356245,500.36186905079
"120",120,120,10.9544511501033,0,44.8664685483491,16.1245154965971,4.89897948556636,3.60555127546399,6.92820323027551,6.92820323027551,7.34846922834953,4.69041575982343,16.1245154965971,491.158833779868,497.365057075786,1728.66422419162,1728.66422419162,563.616891159234,1.8132843130629,1.87002673777676,1.97027916803685,0.124096736459909,0.252784493195291,0.34554305086342,0.319061122670876,491.158833779868,563.616891159234,6.09449400220044,15.5318060765643,15.7280640893913,17.823131038064,497.365057075786
"121",121,121,11,1,44.8776113446337,19.2093727122985,5.3851648071345,4.12310562561766,8.77496438739212,8.77496438739212,8.42614977317636,5.47722557505166,19.2093727122985,475.828750707647,495.666218336493,475.828750707647,1727.79454797149,563.770343313658,1.82510273683429,1.87536663082182,1.97306867594618,0.391152144312159,0.252388589282479,0.0888819441731559,0.517493961317424,475.828750707647,563.770343313658,7.26046043404175,15.0470262842862,15.6743420914563,17.8279836212624,495.666218336493
"122",122,122,11.0453610171873,1.4142135623731,44.8776113446337,17.1172427686237,5.09901951359278,3.87298334620742,7.34846922834953,7.34846922834953,7.41619848709566,5.19615242270663,17.1172427686237,462.546213907324,497.296692126541,663.597016268156,1727.25794252046,563.915773852798,1.83902147893928,1.88175450045961,1.99599599197994,0.322024843762092,0.364828726939094,0.314642654451045,0.351852241715184,462.546213907324,563.915773852798,6.46970964241386,14.626995590346,15.7259021998739,17.8325825387127,497.296692126541
"123",123,123,11.0905365064094,1.73205080756888,44.8776113446337,17,5.09901951359278,3.74165738677394,7.34846922834953,7.34846922834953,7.28010988928052,5.19615242270663,17,503.412355827705,500.630602340688,832.937572690775,1727.37315019077,564.067371862617,1.88308257917703,1.93080294178355,2.00024998437695,0.404103947023535,0.299833287011299,0.284780617317963,0.269072480941474,503.412355827705,564.067371862617,6.42539604115686,15.9192964668669,15.831329697786,17.8373764887104,500.630602340688
"124",124,124,11.13552872566,2,44.8776113446337,16.9115345252878,5,3.74165738677394,7.07106781186548,7.07106781186548,7.34846922834953,5.19615242270663,16.9115345252878,506.691227474879,501.621371155576,974.947178056329,1728.72496366542,564.225132371822,1.91441897190766,1.969263821838,1.99097965835917,0.126885775404495,0.0565685424949238,0.361939221417077,0.236008474424119,506.691227474879,564.225132371822,6.39195923462774,16.0229834924711,15.8626605586831,17.8423653140496,501.621371155576
"125",125,125,11.1803398874989,2.23606797749979,44.8776113446337,17,4.89897948556636,3.60555127546399,7.48331477354788,7.48331477354788,6.78232998312527,5.19615242270663,17,515.981588818826,502.379338747126,1103.06754099647,1729.543581411,564.393479763897,1.91781125244379,1.97408206516345,1.985698869416,0.22248595461287,0.05,0.0866025403784439,0.208566536146142,515.981588818826,564.393479763897,6.42539604115686,16.3167705137996,15.886629598502,17.8476889260206,502.379338747126
"126",126,126,11.2249721603218,2.44948974278318,44.8776113446337,17.0293863659264,4.89897948556636,3.46410161513775,7.74596669241483,7.74596669241483,6.16441400296898,5.3851648071345,17.0293863659264,513.282573247914,502.185224792606,1216.6421002086,1730.54904582332,564.569747684022,1.92327845097895,1.97534807059414,1.97636029104007,0.354259791678367,0,0.414125584816973,0.376031913539263,513.282573247914,564.569747684022,6.43650304346789,16.2314201473562,15.8804911762829,17.8532630070808,502.185224792606
"127",127,127,11.2694276695846,2.64575131106459,44.8776113446337,16.583123951777,4.89897948556636,3.60555127546399,7.28010988928052,7.28010988928052,6,5.19615242270663,16.583123951777,519.666239041945,502.320614747195,1322.97770200408,1732.31232749756,564.760126071237,1.90131533418315,1.95908141739949,1.970786644972,0.502195181179589,0.542217668469038,0.264952825989835,0.260192236625154,519.666239041945,564.760126071237,6.26783170528009,16.4332893846606,15.884772582571,17.8592833002895,502.320614747195
"128",128,128,11.3137084989848,2.82842712474619,44.8776113446337,15.9687194226713,4.79583152331272,3.46410161513775,7,7,5.47722557505166,5.09901951359278,15.9687194226713,518.489151284769,502.911523033625,1420.95073806237,1732.53484813437,564.962830635786,1.87109593554152,1.92197814763852,1.95908141739949,0.301662062579967,0.13228756555323,0.506951674225463,0.151657508881031,518.489151284769,564.962830635786,6.03560862122217,16.3960666014749,15.9034587433049,17.8656933814504,502.911523033625
"129",129,129,11.3578166916005,3,44.8776113446337,15.9373774505092,4.79583152331272,3.46410161513775,7.07106781186548,7.07106781186548,5.3851648071345,4.89897948556636,15.9373774505092,497.682629795335,503.859107290917,1505.58593245288,1734.02104946855,565.164577800131,1.85229587269421,1.89552103654905,1.94730583114209,0.362353418639869,0,0.345398320783411,0.19824227601599,497.682629795335,565.164577800131,6.02376246923086,15.7381066205564,15.9334239885845,17.8720731869585,503.859107290917
"130",130,130,11.4017542509914,3.16227766016838,44.8776113446337,15.3297097167559,4.58257569495584,3.3166247903554,6.6332495807108,6.6332495807108,5.47722557505166,4.69041575982343,15.3297097167559,514.92135321814,504.948512226742,1591.2052036114,1735.86433801723,565.35652468155,1.78941331167509,1.83357574154983,1.91859323463834,0.63718129288296,0,0.294108823397055,0.255538646783613,514.92135321814,565.35652468155,5.79408565447807,16.2832429202539,15.9678739974989,17.878143080309,504.948512226742
"131",131,131,11.4455231422596,3.3166247903554,44.8776113446337,14.560219778561,4.47213595499958,3,6.32455532033676,6.32455532033676,5.47722557505166,4.35889894354067,14.560219778561,491.376637621285,503.542451040625,1665.34831191556,1736.26668458506,565.528071805459,1.71959297509614,1.7547079529084,1.90971202017477,0.223159136044214,0.585064099052403,0.265329983228432,0.218632111090754,491.376637621285,565.528071805459,5.50324579550235,15.5386936387844,15.923410438722,17.883567876685,503.542451040625
"132",132,132,11.4891252930761,0,44.8776113446337,14.1067359796659,4.12310562561766,2.64575131106459,6,6,5.74456264653803,4.24264068711928,14.1067359796659,502.265865851941,507.533250142294,1739.44128960997,1739.44128960997,565.687192713429,1.60468065358812,1.6583123951777,1.84688927659457,0.386264158316559,0,0.219544984001001,0.120415945787923,502.265865851941,565.687192713429,5.33184503043472,15.8830412704872,16.0496105871763,17.8885997216104,507.533250142294
"133",133,133,11.5325625946708,1,44.8887513749269,15.5884572681199,4.58257569495584,3,6.6332495807108,6.6332495807108,6.08276253029822,4.89897948556636,15.5884572681199,483.216307671833,504.519573455778,483.216307671833,1741.4766722526,565.834781539629,1.46150607251561,1.53427507312085,1.73118456555042,0.503884907493765,0,0.252388589282479,0.289136645896019,483.216307671833,565.834781539629,5.89188303637179,15.2806413477969,15.9543097625689,17.8932668900902,504.519573455778
"134",134,134,11.5758369027902,1.4142135623731,44.8887513749269,14.6628782986152,4.24264068711928,2.82842712474619,6.16441400296898,6.16441400296898,5.74456264653803,4.58257569495584,14.6628782986152,466.068664469089,500.842290546635,671.355345551073,1742.4158516267,565.973497612742,1.49499163877261,1.56044865343272,1.69056203672033,0.546534536877588,0.557763390695374,0.165529453572468,0.211187120819429,466.068664469089,565.973497612742,5.54204706893452,14.7383852575511,15.8380238666318,17.8976534774813,500.842290546635
"135",135,135,11.6189500386223,1.73205080756888,44.8887513749269,14.7309198626562,4.35889894354067,2.82842712474619,6.16441400296898,6.16441400296898,5.56776436283002,4.58257569495584,14.7309198626562,507.953738051016,504.393695440377,841.864003268937,1743.733351175,566.117478974108,1.55980768045295,1.66643331699771,1.70205757834452,0.682055716199197,0.14422205101856,0.246981780704569,0.516913919332803,507.953738051016,566.117478974108,5.56776436283002,16.0629075823775,15.9503291502088,17.9022065679066,504.393695440377
"136",136,136,11.6619037896906,2,44.8887513749269,14.7986485869487,4.47213595499958,2.82842712474619,6.2449979983984,6.2449979983984,5.3851648071345,4.69041575982343,14.7986485869487,512.656805280102,506.849089966629,985.673373892183,1745.47586634705,566.268487556919,1.56652481627327,1.66132477258361,1.66793285236547,0.2849561369755,0,0.329089653438087,0.148660687473185,512.656805280102,566.268487556919,5.59336341441483,16.2116316267056,16.0279755427814,17.9069818785858,506.849089966629
"137",137,137,11.7046999107196,2.23606797749979,44.8887513749269,14.560219778561,4.35889894354067,2.82842712474619,6,6,5.19615242270663,4.69041575982343,14.560219778561,520.421944195285,508.308961164369,1114.62594622591,1746.79363406213,566.430048637959,1.63125718389223,1.75812400017746,1.69941166289984,0.39446165846632,0.114017542509914,0.669477408132642,0.260192236625154,520.421944195285,566.430048637959,5.50324579550235,16.4571868799014,16.0741407235348,17.912090888559,508.308961164369
"138",138,138,11.7473401244707,2.44948974278318,44.8887513749269,15.2315462117278,4.47213595499958,2.82842712474619,6.48074069840786,6.48074069840786,5.3851648071345,4.89897948556636,15.2315462117278,520.16728078571,507.828711279699,1230.02642248043,1748.82932271849,566.599505823999,1.66823259769134,1.75869269629461,1.69499262535269,0.628410693734599,0.104880884817015,0.427551166528639,0.28,520.16728078571,566.599505823999,5.75698333703139,16.4491337157918,16.0589538887189,17.9174495952968,507.828711279699
"139",139,139,11.7898261225516,2.64575131106459,44.8887513749269,15.0996688705415,4.35889894354067,2.82842712474619,6.40312423743285,6.40312423743285,5.47722557505166,4.79583152331272,15.0996688705415,527.60970423221,509.106079319428,1338.4087566958,1751.20615576808,566.781262922479,1.6583123951777,1.77341478509682,1.66973051717934,0.361662826400503,0.232379000772445,0.50029991005396,0.168522995463527,527.60970423221,566.781262922479,5.70713838726805,16.6844838098156,16.0993478128774,17.9231972594178,509.106079319428
"140",140,140,11.8321595661992,2.82842712474619,44.8887513749269,14.8996644257513,4.35889894354067,2.64575131106459,6.2449979983984,6.2449979983984,5.29150262212918,4.69041575982343,14.8996644257513,521.736523544212,509.157146664956,1436.50513399709,1752.17036842882,566.973544356348,1.61493033905491,1.72191753577226,1.6109003693587,0.453982378512647,0,0.192353840616713,0.177482393492988,521.736523544212,566.973544356348,5.63154381269343,16.4987575289778,16.1009627041367,17.9292777322457,509.157146664956
"141",141,141,11.8743420870379,3,44.8887513749269,14.560219778561,4.24264068711928,2.64575131106459,6.08276253029822,6.08276253029822,5.09901951359278,4.69041575982343,14.560219778561,505.064352335423,509.316208263589,1522.70680040512,1754.28133433609,567.163997446947,1.53915561266559,1.62849623886578,1.58271917913444,0.763282385490455,0,0.119582607431014,0.258650343127551,505.064352335423,567.163997446947,5.50324579550235,15.9715371833772,16.1059926735361,17.9353003877827,509.316208263589
"142",142,142,11.916375287813,3.16227766016838,44.8887513749269,14.3527000944073,4.12310562561766,2.64575131106459,6.08276253029822,6.08276253029822,5.09901951359278,4.47213595499958,14.3527000944073,518.139942486583,509.43596260963,1608.44832058727,1755.22847515644,567.34557370266,1.52479506819769,1.58524446064322,1.58713578499132,0.579223618302983,0,0.446654228682546,0.0721110255092798,518.139942486583,567.34557370266,5.42481072744215,16.3850236496625,16.1097796384681,17.9410423331533,509.43596260963
"143",143,143,11.9582607431014,3.3166247903554,44.8887513749269,13.6014705087354,3.74165738677394,2.44948974278318,5.8309518948453,5.8309518948453,5.19615242270663,4,13.6014705087354,498.841658244377,509.470313168491,1684.02761260022,1757.33292235706,567.505947105403,1.47918896696805,1.55145093380358,1.57066864742377,0.672235077930332,0.0469041575982343,0.546991773247094,0.1113552872566,498.841658244377,567.505947105403,5.14087263298473,15.7747583182754,16.1108658985171,17.9461137854411,509.470313168491
"144",144,144,12,0,44.8887513749269,13.076696830622,3.60555127546399,2.23606797749979,5.3851648071345,5.3851648071345,5.3851648071345,4,13.076696830622,509.33682372277,514.57166653441,1759.36721579095,1759.36721579095,567.653943877782,1.4324803663576,1.5274161188098,1.51986841535707,0.700285656000464,0,0.611391854705311,0,509.33682372277,567.653943877782,4.94252682628748,16.1066445915963,16.2721848563738,17.9507938543118,514.57166653441
"145",145,145,12.0415945787923,1,44.8998886412873,14,3.87298334620742,2,5.29150262212918,5.29150262212918,5.91607978309962,4.58257569495584,14,486.292093293732,509.588068934115,486.902454296546,1760.3829128914,567.794857320846,1.3960659010233,1.50831031289984,1.46389890361322,0.125698050899765,0,0.115325625946708,0.0574456264653803,486.292093293732,567.794857320846,5.29150262212918,15.3779062293929,16.114589662787,17.955249928642,509.588068934115
"146",146,146,12.0830459735946,1.4142135623731,44.8998886412873,13.5646599662505,3.74165738677394,2,5.29150262212918,5.29150262212918,5.65685424949238,4.24264068711928,13.5646599662505,478.580191817422,512.784555149626,682.724688289504,1763.73665834784,567.932214265048,1.33716117203574,1.4289856542317,1.41350627872677,0.728971878744304,0,0.230434372436058,0.21142374511866,478.580191817422,567.932214265048,5.12695955569325,15.1340344918333,16.2156714322904,17.9595935366032,512.784555149626
"147",147,147,12.1243556529821,1.73205080756888,44.8998886412873,13.3790881602597,3.60555127546399,2,5.29150262212918,5.29150262212918,5.19615242270663,4.24264068711928,13.3790881602597,519.335151900967,513.900768631455,857.801259033816,1767.04838643428,568.074819015946,1.41279864099595,1.4909728367747,1.4456832294801,0.907909687138539,0,0.438292140016223,0.358329457343378,519.335151900967,568.074819015946,5.05682000583653,16.4228194899658,16.2509692018661,17.9641030947832,513.900768631455
"148",148,148,12.1655250605964,2,44.8998886412873,13.4164078649987,3.60555127546399,2,5.29150262212918,5.29150262212918,5.19615242270663,4.12310562561766,13.4164078649987,518.056946676714,512.485121735256,1002.10129228537,1768.62291062849,568.224427493222,1.45910931735768,1.54596248337403,1.46696966567138,0.351283361405006,0,0.443621460256377,0.092736184954957,518.056946676714,568.224427493222,5.0709255283711,16.3823990917081,16.2062025163207,17.9688341302378,512.485121735256
"149",149,149,12.2065556157337,2.23606797749979,44.8998886412873,13.6381816969859,3.60555127546399,2,5.47722557505166,5.47722557505166,5.09901951359278,4.35889894354067,13.6381816969859,524.678949453854,512.689964793539,1131.14764730339,1769.88050444091,568.384552921699,1.51756383720752,1.58398232313369,1.52151240547029,0.186279360101972,0,0.250399680510978,0.127279220613579,524.678949453854,568.384552921699,5.15474815790535,16.5918052061854,16.2126802225912,17.9738977408908,512.689964793539
"150",150,150,12.2474487139159,2.44948974278318,44.8998886412873,14.0356688476182,3.60555127546399,2,6,6,5.09901951359278,4.12310562561766,14.0356688476182,526.778890996972,513.826819074287,1247.7948549341,1771.83492459089,568.552548143089,1.55080624192708,1.61027947884831,1.55659885648166,0.641092816992984,0,0.13076696830622,0.354118624192515,526.778890996972,568.552548143089,5.30498417932204,16.65821118848,16.24863071154,17.979210216247,513.826819074287
"151",151,151,12.2882057274445,2.64575131106459,44.8998886412873,14,3.46410161513775,2,6.08276253029822,6.08276253029822,5.09901951359278,4,14,530.446981328012,514.56486471581,1355.86393122614,1772.68214860984,568.733681084565,1.50432709209134,1.58492902049272,1.55080624192708,0.596573549530986,0,0.340881210981186,0.363455636907725,530.446981328012,568.733681084565,5.29150262212918,16.7742063895732,16.2719697639837,17.9849381427905,514.56486471581
"152",152,152,12.328828005938,2.82842712474619,44.8998886412873,14.2126704035519,3.60555127546399,2,6.32455532033676,6.32455532033676,4.89897948556636,4.12310562561766,14.2126704035519,528.600037835791,513.701275061684,1455.31371188483,1774.75744821652,568.925302654048,1.49197855212466,1.54983870128475,1.53329710102119,0.528299157674892,0.0781024967590666,0.466476151587624,0.314960314960472,528.600037835791,568.925302654048,5.37188447913234,16.7158009081228,16.2446606612758,17.9909977488743,513.701275061684
"153",153,153,12.369316876853,3,44.8998886412873,13.8202749610853,3.3166247903554,2,6.16441400296898,6.16441400296898,4.79583152331272,4,13.8202749610853,510.832653615643,514.134223719838,1542.62568369647,1776.63445874496,569.115102593491,1.50665191733194,1.5626899884494,1.54725563498732,0.599833310178753,0,0.320936130717624,0.241867732448956,510.832653615643,569.115102593491,5.22357294250921,16.1539468861328,16.2583516999725,17.9969997499583,514.134223719838
"154",154,154,12.4096736459909,3.16227766016838,44.8998886412873,13.5646599662505,3.3166247903554,1.73205080756888,6.08276253029822,6.08276253029822,4.79583152331272,3.74165738677394,13.5646599662505,520.510326506593,514.92135321814,1628.31293061254,1777.54606128786,569.296056547031,1.51558569536665,1.57638827704344,1.56652481627327,0.712179752590594,0,0.454092501589709,0.407921561087423,520.510326506593,569.296056547031,5.12695955569325,16.4599817739875,16.2832429202539,18.0027220164063,514.92135321814
"155",155,155,12.4498995979887,3.3166247903554,44.8998886412873,13.1529464379659,3.16227766016838,1.73205080756888,5.8309518948453,5.8309518948453,5,3.60555127546399,13.1529464379659,507.843479824247,516.345814353133,1705.87045229115,1780.28621294442,569.455880643971,1.48963082674869,1.56556698994326,1.56172981017844,0.922279784013506,0,0.221810730128188,0.303809150619266,507.843479824247,569.455880643971,4.97134646894437,16.0594209111039,16.3282883365036,18.0077760981194,516.345814353133
"156",156,156,12.4899959967968,0,44.8998886412873,12.8062484748657,3,1.73205080756888,5.56776436283002,5.56776436283002,5.19615242270663,3.46410161513775,12.8062484748657,509.170894690574,514.664939548052,1780.43646334263,1780.43646334263,569.602492972073,1.51789327688082,1.57829021412413,1.58429795177549,0.247184141886165,0.315753068076939,0.375765884561119,0,509.170894690574,569.602492972073,4.84030695602783,16.1013974548795,16.2751344080471,18.012412387018,514.664939548052
"157",157,157,12.5299640861417,1,44.9110231457712,14.456832294801,3.3166247903554,1.73205080756888,6.2449979983984,6.2449979983984,5.8309518948453,4.24264068711928,14.456832294801,492.124984124968,515.606439059871,492.221494857752,1781.89842583689,569.743802072475,1.54790180567115,1.60841536923769,1.6062378404209,0.551452627158489,0,0.599416382825828,0.0244948974278318,492.124984124968,569.743802072475,5.46416899968723,15.562358433091,16.30490723678,18.0168809731318,515.606439059871
"158",158,158,12.5698050899765,1.4142135623731,44.9110231457712,13.5646599662505,3.16227766016838,1.73205080756888,5.8309518948453,5.8309518948453,5.29150262212918,3.87298334620742,13.5646599662505,482.76806025254,516.472651744504,689.669486058358,1783.11104533621,569.879811890191,1.52937895892418,1.60436903485451,1.60249804992081,0.830421579681068,0,0.378153408023781,0.343511280746353,482.76806025254,569.879811890191,5.12695955569325,15.2664665197943,16.3322992869957,18.0211819812131,516.472651744504
"159",159,159,12.6095202129185,1.73205080756888,44.9110231457712,14.1067359796659,3.16227766016838,1.73205080756888,6.48074069840786,6.48074069840786,5,3.87298334620742,14.1067359796659,521.406751011147,515.186374043413,864.420036787672,1783.63477203154,570.02192940272,1.53460092532228,1.6140012391569,1.59812390007784,0.716798437498297,0,0.330302891298275,0.260192236625154,521.406751011147,570.02192940272,5.33184503043472,16.4883292058353,16.2916236146064,18.025676131563,515.186374043413
"160",160,160,12.6491106406735,2,44.9110231457712,13.7477270848675,3,1.73205080756888,6.16441400296898,6.16441400296898,4.89897948556636,3.87298334620742,13.7477270848675,521.239868007043,517.839743550068,1009.3710913237,1782.64999368917,570.171903902674,1.56588633048507,1.63768128767474,1.60717142831746,0.564092191046818,0,0.510489960724009,0.10770329614269,521.239868007043,570.171903902674,5.19615242270663,16.4830519018779,16.375530525757,18.030418741671,517.839743550068
"161",161,161,12.6885775404495,2.23606797749979,44.9110231457712,14.2828568570857,3,1.73205080756888,6.70820393249937,6.70820393249937,4.79583152331272,3.87298334620742,14.2828568570857,530.309343685363,516.832661506604,1140.19954393957,1784.80335051232,570.3314825608,1.55402702679201,1.63737594949969,1.6,0.165227116418583,0,0.337490740613724,0.133416640641263,530.309343685363,570.3314825608,5.39841246505462,16.7698539051478,16.343683795277,18.0354650619273,516.832661506604
"162",162,162,12.7279220613579,2.44948974278318,44.9110231457712,14.7986485869487,3,1.73205080756888,7.14142842854285,7.14142842854285,4.89897948556636,3.87298334620742,14.7986485869487,530.042451130096,516.472651744504,1257.36987398299,1785.76342218111,570.498904468712,1.53948043183407,1.62573060498965,1.58461351754931,0.451552876195025,0,0.292403830344269,0.403360880601974,530.042451130096,570.498904468712,5.59336341441483,16.7614140214959,16.3322992869957,18.0407594075194,516.472651744504
"163",163,163,12.7671453348037,2.64575131106459,44.9110231457712,14.8996644257513,3,1.73205080756888,7.21110255092798,7.21110255092798,4.89897948556636,3.74165738677394,14.8996644257513,532.445302355087,517.658188383029,1365.48562789947,1786.89926968478,570.678543490116,1.52512294586371,1.61058995402306,1.57987341265052,0.617980582219215,0,0.320624390837628,0.359165699921359,532.445302355087,570.678543490116,5.63154381269343,16.8373988489909,16.3697892472689,18.0464400921622,517.658188383029
"164",164,164,12.8062484748657,2.82842712474619,44.9110231457712,15.2643375224737,3,1.73205080756888,7.54983443527075,7.54983443527075,4.79583152331272,3.87298334620742,15.2643375224737,532.280940857363,516.974854320788,1465.53812642319,1787.97175592905,570.869512235502,1.55306149266537,1.63156366716105,1.6109003693587,0.440113621693308,0.418090899207337,0.440227214061103,0.236008474424119,532.280940857363,570.869512235502,5.76937728751676,16.8322012820665,16.3481803268743,18.0524790541355,516.974854320788
