"","Month","Year","Month.1","Monster.com","monster.com","Indeed.com","indeed.com","unemployment","job.listings","job_monthly_total","mi_month","mi_month_s","mi_yr_to_date","mi_12mo_avg","population","conv_gas","reform_gas","num2_diesel","very_warm","very_cold","very_wet","very_dry","miles","miles.s","pop","jobs.avg","miles.S","miles.sS","pop.S"
"1",1,2004,"2004-01",95,93,0,0,28,100,373,222450,243749,222450,2894137,292046,1.595,1.654,1.551,0,0.0354,0.0204,0.0631,222450,243749,292046,53.2857142857143,222.45,243.749,292.046
"2",2,2004,"2004-02",88,87,0,0,25,85,336,213709,244795,436159,2904170,292230,1.654,1.763,1.582,0,0,0.1173,0.0612,213709,244795,292230,48,213.709,244.795,292.23
"3",3,2004,"2004-03",85,88,0,0,23,95,342,251403,248838,687562,2918894,292434,1.728,1.881,1.629,0.6252,0,0.1418,0.2929,251403,248838,292434,48.8571428571429,251.403,248.838,292.434
"4",4,2004,"2004-04",84,86,0,0,23,88,334,250968,248040,938530,2930447,292651,1.794,1.93,1.692,0.0439,0.004,0.1668,0.0707,250968,248040,292651,47.7142857142857,250.968,248.04,292.651
"5",5,2004,"2004-05",88,92,0,0,21,99,353,257235,246680,1195766,2934438,292872,1.981,2.108,1.746,0.2569,0.0083,0.1886,0.1773,257235,246680,292872,50.4285714285714,257.235,246.68,292.872
"6",6,2004,"2004-06",100,98,0,0,22,100,376,257383,244535,1453148,2939676,293103,1.95,2.14,1.711,0.0337,0.0641,0.1946,0.0648,257383,244535,293103,53.7142857142857,257.383,244.535,293.103
"7",7,2004,"2004-07",95,92,0,0,22,84,348,265969,247438,1719117,2943540,293350,1.902,2.06,1.739,0.0495,0.1369,0.0855,0.0246,265969,247438,293350,49.7142857142857,265.969,247.438,293.35
"8",8,2004,"2004-08",92,92,0,0,21,83,342,262836,247736,1981953,2945689,293603,1.88,2.002,1.833,0.0469,0.4654,0.145,0.0199,262836,247736,293603,48.8571428571429,262.836,247.736,293.603
"9",9,2004,"2004-09",87,85,0,0,22,80,324,243515,247341,2225468,2951752,293857,1.88,1.979,1.917,0.0937,0,0.2159,0.1394,243515,247341,293857,46.2857142857143,243.515,247.341,293.857
"10",10,2004,"2004-10",81,83,0,0,22,71,305,254496,248318,2479964,2952200,294104,1.993,2.14,2.134,0.1217,0,0.225,0.0046,254496,248318,294104,43.5714285714286,254.496,248.318,294.104
"11",11,2004,"2004-11",74,73,0,0,20,68,280,239796,247530,2719760,2958298,294337,1.973,2.126,2.147,0.2446,0,0.2786,0.0555,239796,247530,294337,40,239.796,247.53,294.337
"12",0,2004,"2004-12",71,75,0,0,19,63,270,245029,248828,2964789,2964789,294561,1.843,1.978,2.009,0.0384,0,0.0351,0.0785,245029,248828,294561,38.5714285714286,245.029,248.828,294.561
"13",1,2005,"2005-01",93,99,0,0,24,78,346,224072,248111,224072,2966412,294768,1.852,1.921,1.959,0.2042,0,0.3319,0.0326,224072,248111,294768,49.4285714285714,224.072,248.111,294.768
"14",2,2005,"2005-02",88,90,0,0,20,68,314,219970,249887,444042,2972672,294955,1.927,2.006,2.027,0.1337,0,0.1476,0.1455,219970,249887,294955,44.8571428571429,219.97,249.887,294.955
"15",3,2005,"2005-03",85,91,1,1,20,75,321,253182,248928,697225,2974451,295149,2.102,2.159,2.214,0.0634,0,0.023,0.058,253182,248928,295149,45.8571428571429,253.182,248.928,295.149
"16",4,2005,"2005-04",86,84,2,2,20,87,330,250860,249051,948085,2974344,295359,2.251,2.354,2.292,0.1004,0.0267,0.083,0.0773,250860,249051,295359,47.1428571428571,250.86,249.051,295.359
"17",5,2005,"2005-05",89,91,1,1,19,85,337,262678,250844,1210763,2979787,295582,2.155,2.306,2.199,0.0209,0.1038,0.1631,0.1112,262678,250844,295582,48.1428571428571,262.678,250.844,295.582
"18",6,2005,"2005-06",96,99,1,1,20,78,348,263816,250672,1474580,2986220,295824,2.162,2.272,2.29,0.1361,0.0203,0.1851,0.0929,263816,250672,295824,49.7142857142857,263.816,250.672,295.824
"19",7,2005,"2005-07",91,92,2,2,21,77,336,267025,251030,1741605,2987277,296077,2.287,2.427,2.373,0.3278,0,0.0461,0.1351,267025,251030,296077,48,267.025,251.03,296.077
"20",8,2005,"2005-08",96,93,2,2,19,80,343,265323,249297,2006928,2989764,296338,2.489,2.61,2.5,0.2176,0,0.1191,0.0409,265323,249297,296338,49,265.323,249.297,296.338
"21",9,2005,"2005-09",89,93,2,2,21,73,330,242240,245542,2249168,2988489,296606,2.907,3.042,2.819,0.4734,0,0.0355,0.1286,242240,245542,296606,47.1428571428571,242.24,245.542,296.606
"22",10,2005,"2005-10",91,95,2,2,20,63,318,251419,246383,2500587,2985412,296857,2.736,2.824,3.095,0.0068,0,0.166,0.1266,251419,246383,296857,45.4285714285714,251.419,246.383,296.857
"23",11,2005,"2005-11",83,86,3,3,20,61,299,243056,250332,2743643,2988672,297089,2.265,2.38,2.573,0.2937,0,0.0747,0.1231,243056,250332,297089,42.7142857142857,243.056,250.332,297.089
"24",0,2005,"2005-12",72,69,2,2,19,46,248,245787,250939,2989430,2989430,297311,2.216,2.256,2.443,0.0207,0,0.0795,0.2053,245787,250939,297311,35.4285714285714,245.787,250.939,297.311
"25",1,2006,"2006-01",97,100,3,3,23,74,349,233282,255718,233282,2998640,297526,2.343,2.397,2.467,0.6797,0,0.0738,0.0918,233282,255718,297526,49.8571428571429,233.282,255.718,297.526
"26",2,2006,"2006-02",91,95,3,3,20,64,321,220711,250652,453993,2999380,297734,2.293,2.393,2.475,0.0155,0,0.0015,0.2308,220711,250652,297734,45.8571428571429,220.711,250.652,297.734
"27",3,2006,"2006-03",89,89,4,4,20,64,316,256623,250651,710616,3002821,297950,2.454,2.496,2.559,0.0583,0.0525,0.0661,0.1542,256623,250651,297950,45.1428571428571,256.623,250.651,297.95
"28",4,2006,"2006-04",89,90,4,4,20,63,317,250644,250942,961260,3002605,298170,2.762,2.837,2.728,0.6701,0,0.1067,0.0418,250644,250942,298170,45.2857142857143,250.644,250.942,298.17
"29",5,2006,"2006-05",95,94,5,5,19,68,335,263370,249836,1224630,3003297,298401,2.873,3.115,2.897,0.2459,0,0.0411,0.1445,263370,249836,298401,47.8571428571429,263.37,249.836,298.401
"30",6,2006,"2006-06",97,95,5,5,20,72,344,263782,249996,1488412,3003262,298653,2.849,3.094,2.898,0.3564,0,0.0864,0.141,263782,249996,298653,49.1428571428571,263.782,249.996,298.653
"31",7,2006,"2006-07",93,93,6,6,21,74,343,263421,249487,1751833,2999658,298910,2.964,3.15,2.934,0.4941,0,0.0954,0.1173,263421,249487,298910,49,263.421,249.487,298.91
"32",8,2006,"2006-08",93,93,7,7,19,71,340,265206,248941,2017039,2999541,299178,2.952,3.094,3.045,0.2236,0,0.1154,0.1032,265206,248941,299178,48.5714285714286,265.206,248.941,299.178
"33",9,2006,"2006-09",83,87,7,7,18,70,319,245605,250471,2262644,3002906,299452,2.548,2.725,2.783,0,0.2054,0.0858,0.0353,245605,250471,299452,45.5714285714286,245.605,250.471,299.452
"34",10,2006,"2006-10",84,80,8,8,21,55,302,257939,251752,2520583,3009426,299710,2.258,2.363,2.519,0,0.0372,0.222,0.0249,257939,251752,299710,43.1428571428571,257.939,251.752,299.71
"35",11,2006,"2006-11",72,72,7,7,20,54,273,245346,252241,2765929,3011716,299950,2.254,2.32,2.545,0.1715,0,0.0779,0.1396,245346,252241,299950,39,245.346,252.241,299.95
"36",0,2006,"2006-12",66,62,7,7,21,43,244,248187,255176,3014116,3014116,300178,2.328,2.423,2.61,0.2627,0,0.1548,0.0223,248187,255176,300178,34.8571428571429,248.187,255.176,300.178
"37",1,2007,"2007-01",91,87,8,8,26,68,341,233621,254050,233621,3014455,300398,2.237,2.396,2.485,0.0387,0.0172,0.1183,0.1253,233621,254050,300398,48.7142857142857,233.621,254.05,300.398
"38",2,2007,"2007-02",80,75,10,10,22,58,302,219232,249246,452854,3012977,300608,2.276,2.418,2.488,0,0.0855,0.0407,0.0958,219232,249246,300608,43.1428571428571,219.232,249.246,300.608
"39",3,2007,"2007-03",76,74,10,10,21,57,296,259638,254323,712492,3015992,300823,2.546,2.738,2.667,0.79,0,0.1795,0.1632,259638,254323,300823,42.2857142857143,259.638,254.323,300.823
"40",4,2007,"2007-04",75,68,11,11,22,58,294,252595,251777,965087,3017943,301045,2.831,3.013,2.834,0,0.1229,0.0608,0.0157,252595,251777,301045,42,252.595,251.777,301.045
"41",5,2007,"2007-05",78,73,11,11,20,66,311,267574,253509,1232661,3022147,301278,3.157,3.248,2.796,0.1277,0.012,0.1645,0.2362,267574,253509,301278,44.4285714285714,267.574,253.509,301.278
"42",6,2007,"2007-06",80,73,12,12,21,64,316,265374,253209,1498035,3023739,301528,3.067,3.173,2.808,0.1261,0.0104,0.0685,0.0836,265374,253209,301528,45.1428571428571,265.374,253.209,301.528
"43",7,2007,"2007-07",79,74,13,13,23,60,317,267106,252684,1765140,3027424,301790,2.989,3.055,2.868,0.3228,0.121,0.108,0.0516,267106,252684,301790,45.2857142857143,267.106,252.684,301.79
"44",8,2007,"2007-08",84,75,14,14,21,60,323,271225,253740,2036366,3033442,302064,2.821,2.862,2.869,0.4757,0,0.1223,0.1313,271225,253740,302064,46.1428571428571,271.225,253.74,302.064
"45",9,2007,"2007-09",77,72,15,15,21,57,310,245965,253671,2282330,3033802,302334,2.858,2.83,2.953,0.121,0,0.009,0.023,245965,253671,302334,44.2857142857143,245.965,253.671,302.334
"46",10,2007,"2007-10",80,73,15,15,23,51,307,261423,253571,2543753,3037286,302590,2.838,2.884,3.075,0.2952,0.0071,0.1666,0.0528,261423,253571,302590,43.8571428571429,261.423,253.571,302.59
"47",11,2007,"2007-11",68,63,15,15,23,45,275,245787,251772,2789541,3037728,302834,3.11,3.166,3.396,0.1683,0,0.0059,0.2283,245787,251772,302834,39.2857142857143,245.787,251.772,302.834
"48",0,2007,"2007-12",61,56,14,14,25,46,259,240281,248640,3029822,3029822,303062,3.032,3.148,3.341,0.0812,0,0.2338,0.0146,240281,248640,303062,37,240.281,248.64,303.062
"49",1,2008,"2008-01",84,78,19,19,31,64,353,232920,252427,232920,3029121,303280,3.068,3.15,3.308,0.0033,0.0025,0.0695,0.1057,232920,252427,303280,50.4285714285714,232.92,252.427,303.28
"50",2,2008,"2008-02",72,68,20,20,26,58,315,221336,250451,454256,3031224,303494,3.064,3.107,3.377,0.0405,0,0.1527,0.0319,221336,250451,303494,45,221.336,250.451,303.494
"51",3,2008,"2008-03",69,63,22,22,26,55,312,252343,249673,706599,3023929,303707,3.263,3.356,3.881,0,0,0.1093,0.1311,252343,249673,303707,44.5714285714286,252.343,249.673,303.707
"52",4,2008,"2008-04",69,65,23,23,27,58,322,252088,248876,958687,3023422,303926,3.468,3.588,4.084,0.0674,0.0967,0.1061,0.1945,252088,248876,303926,46,252.088,248.876,303.926
"53",5,2008,"2008-05",65,60,24,24,24,61,316,261466,248153,1220154,3017314,304157,3.783,3.882,4.425,0.0395,0.0161,0.0913,0.0493,261466,248153,304157,45.1428571428571,261.466,248.153,304.157
"54",6,2008,"2008-06",69,59,30,30,30,66,345,257484,247136,1477638,3009425,304396,4.038,4.243,4.677,0.2245,0,0.0995,0.1152,257484,247136,304396,49.2857142857143,257.484,247.136,304.396
"55",7,2008,"2008-07",69,61,32,32,33,61,348,261600,245078,1739238,3003919,304646,4.051,4.243,4.703,0.0723,0.0145,0.0884,0.0863,261600,245078,304646,49.7142857142857,261.6,245.078,304.646
"56",8,2008,"2008-08",69,66,33,33,31,59,349,260609,245169,1999847,2993304,304903,3.789,3.921,4.302,0.1035,0.001,0.1895,0.1204,260609,245169,304903,49.8571428571429,260.609,245.169,304.903
"57",9,2008,"2008-09",70,78,39,39,36,59,385,239607,245979,2239454,2986946,305158,3.76,3.747,4.024,0.0569,0.013,0.1082,0.1276,239607,245979,305158,55,239.607,245.979,305.158
"58",10,2008,"2008-10",65,74,40,40,41,53,374,255848,246316,2495302,2981371,305403,3.065,3.207,3.576,0.0081,0,0.1097,0.0152,255848,246316,305403,53.4285714285714,255.848,246.316,305.403
"59",11,2008,"2008-11",60,68,39,39,51,49,365,236465,247030,2731767,2972049,305620,2.153,2.319,2.876,0.338,0,0.0328,0.039,236465,247030,305620,52.1428571428571,236.465,247.03,305.62
"60",0,2008,"2008-12",54,65,39,39,61,42,356,241742,246628,2973509,2973509,305827,1.721,1.793,2.449,0.0179,0.0533,0.1937,0.0643,241742,246628,305827,50.8571428571429,241.742,246.628,305.827
"61",1,2009,"2009-01",76,97,52,52,73,68,492,225529,245355,225529,2966118,306035,1.821,1.88,2.292,0.1067,0.0257,0.0094,0.1615,225529,245355,306035,70.2857142857143,225.529,245.355,306.035
"62",2,2009,"2009-02",76,98,51,51,75,55,471,217643,248339,443172,2962426,306237,1.942,2.044,2.195,0.1323,0,0.0562,0.142,217643,248339,306237,67.2857142857143,217.643,248.339,306.237
"63",3,2009,"2009-03",68,77,55,55,72,56,447,249741,245494,692914,2959824,306438,1.987,2.06,2.092,0.0522,0.0021,0.1276,0.0676,249741,245494,306438,63.8571428571429,249.741,245.494,306.438
"64",4,2009,"2009-04",63,77,51,51,67,55,424,251374,247492,944288,2959110,306645,2.071,2.165,2.22,0.011,0,0.1148,0.0096,251374,247492,306645,60.5714285714286,251.374,247.492,306.645
"65",5,2009,"2009-05",57,62,53,53,63,63,414,258276,247167,1202563,2955919,306863,2.289,2.373,2.227,0.2287,0,0.1517,0.0624,258276,247167,306863,59.1428571428571,258.276,247.167,306.863
"66",6,2009,"2009-06",65,78,56,56,67,67,458,258395,246564,1460959,2956830,307090,2.645,2.755,2.529,0.0923,8e-04,0.1521,0.0601,258395,246564,307090,65.4285714285714,258.395,246.564,307.09
"67",7,2009,"2009-07",68,87,56,56,71,62,468,264472,247122,1725431,2959702,307322,2.53,2.686,2.54,0.1769,0.3621,0.1275,0.0494,264472,247122,307322,66.8571428571429,264.472,247.122,307.322
"68",8,2009,"2009-08",65,84,61,61,69,66,474,260297,247390,1985728,2959390,307570,2.613,2.786,2.634,0.0961,0.0468,0.0639,0.0884,260297,247390,307570,67.7142857142857,260.297,247.39,307.57
"69",9,2009,"2009-09",62,76,57,57,67,66,451,241970,246341,2227698,2961753,307826,2.53,2.769,2.626,0.3079,0,0.1071,0.1081,241970,246341,307826,64.4285714285714,241.97,246.341,307.826
"70",10,2009,"2009-10",59,63,56,56,72,56,426,252209,243922,2479907,2958114,308071,2.549,2.718,2.672,0.0154,0.5086,0.4464,0.0289,252209,243922,308071,60.8571428571429,252.209,243.922,308.071
"71",11,2009,"2009-11",53,60,52,52,78,50,405,237264,246578,2717170,2958912,308289,2.665,2.788,2.792,0.4918,0,0.0278,0.2726,237264,246578,308289,57.8571428571429,237.264,246.578,308.289
"72",0,2009,"2009-12",47,68,47,47,74,46,382,239593,244411,2956764,2956764,308495,2.62,2.75,2.745,0,0.2819,0.2281,0.0118,239593,244411,308495,54.5714285714286,239.593,244.411,308.495
"73",1,2010,"2010-01",61,93,58,58,80,66,486,220839,242489,220839,2952073,308706,2.73,2.848,2.845,0.0661,0.0084,0.1535,0.0248,220839,242489,308706,69.4285714285714,220.839,242.489,308.706
"74",2,2010,"2010-02",58,95,56,56,73,56,458,210635,241735,431473,2945064,308904,2.657,2.787,2.785,0.0356,0.2264,0.0447,0.0578,210635,241735,308904,65.4285714285714,210.635,241.735,308.904
"75",3,2010,"2010-03",56,87,60,60,77,49,452,254238,248125,685711,2949561,309095,2.793,2.888,2.915,0.1852,0.0205,0.0483,0.0849,254238,248125,309095,64.5714285714286,254.238,248.125,309.095
"76",4,2010,"2010-04",53,77,61,61,71,50,437,253936,249063,939647,2952123,309284,2.867,2.966,3.059,0.3221,0,0.1181,0.0933,253936,249063,309284,62.4285714285714,253.936,249.063,309.284
"77",5,2010,"2010-05",53,78,62,62,65,48,434,256927,247472,1196574,2950774,309470,2.847,2.979,3.069,0.1702,0.2489,0.1254,0.0407,256927,247472,309470,62,256.927,247.472,309.47
"78",6,2010,"2010-06",54,82,74,74,82,51,487,260083,247478,1456657,2952462,309666,2.733,2.891,2.948,0.3536,0,0.1819,0.0484,260083,247478,309666,69.5714285714286,260.083,247.478,309.666
"79",7,2010,"2010-07",48,78,54,54,100,45,445,265315,249163,1721972,2953305,309876,2.728,2.89,2.911,0.2471,0,0.2012,0.0234,265315,249163,309876,63.5714285714286,265.315,249.163,309.876
"80",8,2010,"2010-08",46,40,49,49,65,44,357,263837,249522,1985810,2956845,310097,2.733,2.886,2.959,0.3651,0,0.0432,0.0673,263837,249522,310097,51,263.837,249.522,310.097
"81",9,2010,"2010-09",45,33,50,50,56,38,332,244682,248711,2230491,2959557,310323,2.727,2.82,2.946,0.2507,0,0.145,0.1438,244682,248711,310323,47.4285714285714,244.682,248.711,310.323
"82",10,2010,"2010-10",43,30,54,54,55,31,325,256395,249919,2486887,2963744,310538,2.816,2.928,3.052,0.0735,0,0.1247,0.105,256395,249919,310538,46.4285714285714,256.395,249.919,310.538
"83",11,2010,"2010-11",41,27,61,61,60,32,336,239579,247644,2726466,2966059,310734,2.866,3.009,3.14,0,0,0.0357,0.0698,239579,247644,310734,48,239.579,247.644,310.734
"84",0,2010,"2010-12",38,23,56,56,75,30,326,240800,244716,2967266,2967266,310921,3.004,3.138,3.243,0.1298,0.1451,0.2156,0.1249,240800,244716,310921,46.5714285714286,240.8,244.716,310.921
"85",1,2011,"2011-01",56,35,84,84,81,53,464,223790,246878,223790,2970218,311092,3.109,3.228,3.388,0.0046,0,0.0779,0.1999,223790,246878,311092,66.2857142857143,223.79,246.878,311.092
"86",2,2011,"2011-02",50,32,78,78,65,44,412,213463,245175,437254,2973046,311250,3.219,3.356,3.584,0,0,0.088,0.0812,213463,245175,311250,58.8571428571429,213.463,245.175,311.25
"87",3,2011,"2011-03",50,32,68,68,57,42,382,253124,246098,690378,2971933,311416,3.561,3.725,3.905,0.1577,0,0.1808,0.1345,253124,246098,311416,54.5714285714286,253.124,246.098,311.416
"88",4,2011,"2011-04",49,31,63,63,59,42,370,249578,245872,939956,2967575,311592,3.796,3.967,4.064,0.2537,0.0834,0.2565,0.1007,249578,245872,311592,52.8571428571429,249.578,245.872,311.592
"89",5,2011,"2011-05",48,30,68,68,58,45,386,254083,243511,1194039,2964730,311775,3.9,4.082,4.047,0.0473,0.218,0.2639,0.1554,254083,243511,311775,55.1428571428571,254.083,243.511,311.775
"90",6,2011,"2011-06",49,31,79,79,60,45,415,258350,245208,1452389,2962998,311975,3.678,3.851,3.933,0.3076,0.0052,0.0497,0.1531,258350,245208,311975,59.2857142857143,258.35,245.208,311.975
"91",7,2011,"2011-07",47,28,81,81,62,44,412,260175,245686,1712564,2957858,312186,3.665,3.786,3.905,0.5512,0.024,0.0701,0.1095,260175,245686,312186,58.8571428571429,260.175,245.686,312.186
"92",8,2011,"2011-08",48,30,85,85,61,44,428,260526,244415,1973090,2954546,312406,3.664,3.759,3.86,0.4516,0,0.0773,0.2011,260526,244415,312406,61.1428571428571,260.526,244.415,312.406
"93",9,2011,"2011-09",45,27,84,84,58,41,408,242062,245287,2215151,2951926,312629,3.624,3.755,3.837,0.3098,0.0069,0.1257,0.114,242062,245287,312629,58.2857142857143,242.062,245.287,312.629
"94",10,2011,"2011-10",45,25,74,74,61,36,415,251906,246598,2467057,2947437,312832,3.454,3.612,3.798,0.0319,0,0.0558,0.0249,251906,246598,312832,59.2857142857143,251.906,246.598,312.832
"95",11,2011,"2011-11",41,22,58,58,57,33,329,238535,246335,2705592,2946392,313018,3.385,3.562,3.962,0.1903,0,0.1009,0.0497,238535,246335,313018,47,238.535,246.335,313.018
"96",0,2011,"2011-12",39,20,52,52,61,30,305,244810,250112,2950402,2950402,313199,3.277,3.425,3.861,0.2144,0.0186,0.1202,0.132,244810,250112,313199,43.5714285714286,244.81,250.112,313.199
"97",1,2012,"2012-01",47,26,65,65,73,42,386,227527,249581,227527,2954139,313367,3.388,3.546,3.833,0.4425,0,0.0173,0.0781,227527,249581,313367,55.1428571428571,227.527,249.581,313.367
"98",2,2012,"2012-02",42,24,61,61,60,36,345,218196,250198,445724,2958872,313528,3.576,3.77,3.953,0.1744,0,0.1099,0.0397,218196,250198,313528,49.2857142857143,218.196,250.198,313.528
"99",3,2012,"2012-03",40,24,62,62,53,37,338,256166,249582,701890,2961914,313696,3.827,4.071,4.127,0.7799,0,0.1653,0.1134,256166,249582,313696,48.2857142857143,256.166,249.582,313.696
"100",4,2012,"2012-04",35,26,63,63,56,39,344,249394,247122,951284,2961730,313865,3.893,4.09,4.115,0.4364,0,0.0283,0.0778,249394,247122,313865,49.1428571428571,249.394,247.122,313.865
"101",5,2012,"2012-05",38,27,67,67,53,42,360,260774,247546,1212058,2968422,314043,3.698,3.982,3.979,0.5802,0,0.059,0.2053,260774,247546,314043,51.4285714285714,260.774,247.546,314.043
"102",6,2012,"2012-06",38,27,71,71,53,40,367,260376,247651,1472434,2970447,314237,3.515,3.76,3.759,0.2704,0.0207,0.0608,0.3473,260376,247651,314237,52.4285714285714,260.376,247.651,314.237
"103",7,2012,"2012-07",38,27,71,71,58,40,371,260244,245730,1732679,2970517,314442,3.433,3.63,3.721,0.6074,0,0.0524,0.1176,260244,245730,314442,53,260.244,245.73,314.442
"104",8,2012,"2012-08",38,28,70,70,51,38,361,264379,246074,1997058,2974370,314662,3.724,3.895,3.983,0.3803,0,0.0593,0.1698,264379,246074,314662,51.5714285714286,264.379,246.074,314.662
"105",9,2012,"2012-09",36,26,67,67,53,35,348,238867,246333,2235925,2971175,314879,3.859,4.013,4.12,0.1662,0,0.0563,0.2413,238867,246333,314879,49.7142857142857,238.867,246.333,314.879
"106",10,2012,"2012-10",34,23,81,81,54,30,364,253574,245279,2489499,2972844,315085,3.714,4.011,4.094,0.0437,0.0074,0.0805,0.054,253574,245279,315085,52,253.574,245.279,315.085
"107",11,2012,"2012-11",29,20,70,70,55,28,327,240361,247578,2730106,2974915,315276,3.444,3.678,4,0.3439,0.013,0,0.3346,240361,247578,315276,46.7142857142857,240.361,247.578,315.276
"108",0,2012,"2012-12",27,17,55,55,57,24,285,238709,247224,2968815,2968815,315446,3.322,3.5,3.961,0.2671,0,0.0551,0.0224,238709,247224,315446,40.7142857142857,238.709,247.224,315.446
"109",1,2013,"2013-01",35,24,70,70,63,36,363,229419,249290,229419,2970706,315592,3.324,3.527,3.909,0.0267,0.0091,0.1003,0.0556,229419,249290,315592,51.8571428571429,229.419,249.29,315.592
"110",2,2013,"2013-02",32,21,62,62,49,29,315,215803,248824,445222,2968313,315730,3.668,3.874,4.111,0.0083,0,0.1236,0.1433,215803,248824,315730,45,215.803,248.824,315.73
"111",3,2013,"2013-03",32,20,69,69,46,31,327,253026,248380,698248,2965172,315881,3.713,3.913,4.068,0.1575,0.0952,0.0128,0.2045,253026,248380,315881,46.7142857142857,253.026,248.38,315.881
"112",4,2013,"2013-04",31,20,81,81,46,32,353,252064,248020,950311,2967842,316043,3.566,3.784,3.93,0.0301,0.2302,0.1208,0.0645,252064,248020,316043,50.4285714285714,252.064,248.02,316.043
"113",5,2013,"2013-05",31,21,71,71,42,34,334,263406,248755,1213718,2970474,316222,3.621,3.786,3.87,0.0106,0.023,0.1334,0.057,263406,248755,316222,47.7142857142857,263.406,248.755,316.222
"114",6,2013,"2013-06",32,21,70,70,44,33,335,259980,249463,1473698,2970079,316411,3.634,3.799,3.849,0.2645,0,0.151,0.1514,259980,249463,316411,47.8571428571429,259.98,249.463,316.411
"115",7,2013,"2013-07",32,21,72,72,47,35,347,263946,247450,1737644,2973780,316618,3.582,3.821,3.866,0.2678,0.0639,0.2043,0.0527,263946,247450,316618,49.5714285714286,263.946,247.45,316.618
"116",8,2013,"2013-08",31,21,100,100,42,32,397,268061,250706,2005705,2977462,316844,3.583,3.771,3.905,0.1192,0.0045,0.064,0.1042,268061,250706,316844,56.7142857142857,268.061,250.706,316.844
"117",9,2013,"2013-09",31,20,72,72,44,29,333,242536,249728,2248241,2981130,317068,3.542,3.731,3.961,0.2545,0,0.2888,0.0141,242536,249728,317068,47.5714285714286,242.536,249.728,317.068
"118",10,2013,"2013-10",29,19,67,67,47,27,319,258748,249546,2506989,2986304,317281,3.358,3.547,3.885,0.013,0.0549,0.139,0.0571,258748,249546,317281,45.5714285714286,258.748,249.546,317.281
"119",11,2013,"2013-11",26,16,54,54,42,24,273,240055,250362,2747043,2985753,317478,3.263,3.441,3.839,0.0245,0,0.0244,0.0164,240055,250362,317478,39,240.055,250.362,317.478
"120",0,2013,"2013-12",24,13,48,48,54,22,260,241237,247372,2988280,2988280,317664,3.288,3.497,3.882,0.0154,0.0639,0.1194,0.1018,241237,247372,317664,37.1428571428571,241.237,247.372,317.664
"121",1,2014,"2014-01",29,17,77,77,71,30,369,226413,245685,226413,2985274,317837,3.331,3.517,3.893,0.153,0.0637,0.0079,0.2678,226413,245685,317837,52.7142857142857,226.413,245.685,317.837
"122",2,2014,"2014-02",26,15,54,54,55,27,293,213949,247304,440361,2983420,318001,3.382,3.541,3.984,0.1037,0.1331,0.099,0.1238,213949,247304,318001,41.8571428571429,213.949,247.304,318.001
"123",3,2014,"2014-03",26,14,54,54,53,27,289,253424,250631,693785,2983818,318172,3.546,3.728,4.001,0.1633,0.0899,0.0811,0.0724,253424,250631,318172,41.2857142857143,253.424,250.631,318.172
"124",4,2014,"2014-04",25,14,50,50,54,27,286,256736,251624,950522,2988490,318350,3.665,3.878,3.964,0.0161,0.0032,0.131,0.0557,256736,251624,318350,40.8571428571429,256.736,251.624,318.35
"125",5,2014,"2014-05",24,13,56,56,46,27,289,266237,252385,1216758,2991321,318540,3.678,3.897,3.943,0.0495,0.0025,0.0075,0.0435,266237,252385,318540,41.2857142857143,266.237,252.385,318.54
"126",6,2014,"2014-06",24,12,60,60,38,29,290,263459,252190,1480218,2994800,318739,3.699,3.902,3.906,0.1255,0,0.1715,0.1414,263459,252190,318739,41.4285714285714,263.459,252.19,318.739
"127",7,2014,"2014-07",24,13,53,53,36,27,275,270053,252326,1750270,3000906,318954,3.615,3.838,3.884,0.2522,0.294,0.0702,0.0677,270053,252326,318954,39.2857142857143,270.053,252.326,318.954
"128",8,2014,"2014-08",23,12,49,49,30,26,255,268831,252920,2019101,3001677,319183,3.501,3.694,3.838,0.091,0.0175,0.257,0.023,268831,252920,319183,36.4285714285714,268.831,252.92,319.183
"129",9,2014,"2014-09",23,12,50,50,29,24,254,247688,253874,2266789,3006829,319411,3.431,3.593,3.792,0.1313,0,0.1193,0.0393,247688,253874,319411,36.2857142857143,247.688,253.874,319.411
"130",10,2014,"2014-10",21,11,44,44,30,22,235,265144,254973,2531934,3013225,319628,3.202,3.362,3.681,0.406,0,0.0865,0.0653,265144,254973,319628,33.5714285714286,265.144,254.973,319.628
"131",11,2014,"2014-11",20,9,40,40,30,19,212,241451,253555,2773385,3014622,319822,2.957,3.079,3.647,0.0498,0.3423,0.0704,0.0478,241451,253555,319822,30.2857142857143,241.451,253.555,319.822
"132",0,2014,"2014-12",17,7,36,36,33,18,199,252271,257590,3025656,3025656,320002,2.575,2.75,3.411,0.1492,0,0.0482,0.0145,252271,257590,320002,28.4285714285714,252.271,257.59,320.002
"133",1,2015,"2015-01",21,9,44,44,37,24,243,233498,254540,233498,3032741,320169,2.136,2.354,2.997,0.2539,0,0.0637,0.0836,233498,254540,320169,34.7142857142857,233.498,254.54,320.169
"134",2,2015,"2015-02",18,8,38,38,33,21,215,217220,250843,450718,3036013,320326,2.235,2.435,2.858,0.2987,0.3111,0.0274,0.0446,217220,250843,320326,30.7142857142857,217.22,250.843,320.326
"135",3,2015,"2015-03",19,8,38,38,31,21,217,258017,254413,708735,3040606,320489,2.433,2.777,2.897,0.4652,0.0208,0.061,0.2672,258017,254413,320489,31,258.017,254.413,320.489
"136",4,2015,"2015-04",20,8,39,39,29,22,219,262817,256896,971552,3046686,320660,2.454,2.76,2.782,0.0812,0,0.1083,0.0221,262817,256896,320660,31.2857142857143,262.817,256.896,320.66
"137",5,2015,"2015-05",19,8,36,36,27,22,212,270839,258378,1242391,3051288,320843,2.661,3.091,2.888,0.1556,0.013,0.4482,0.0677,270839,258378,320843,30.2857142857143,270.839,258.378,320.843
"138",6,2015,"2015-06",20,8,42,42,29,24,232,270574,257890,1512965,3058404,321035,2.783,3.093,2.873,0.3949,0.011,0.1828,0.0784,270574,257890,321035,33.1428571428571,270.574,257.89,321.035
"139",7,2015,"2015-07",19,8,41,41,30,23,228,278372,259189,1791338,3066723,321241,2.75,3.145,2.788,0.1308,0.054,0.2503,0.0284,278372,259189,321241,32.5714285714286,278.372,259.189,321.241
"140",8,2015,"2015-08",19,7,39,39,28,22,222,272209,259241,2063547,3070101,321459,2.608,2.965,2.595,0.2061,0,0.037,0.0315,272209,259241,321459,31.7142857142857,272.209,259.241,321.459
"141",9,2015,"2015-09",18,7,37,37,26,22,212,255090,259403,2318636,3077503,321675,2.369,2.652,2.505,0.5826,0,0.0143,0.0669,255090,259403,321675,30.2857142857143,255.09,259.403,321.675
"142",10,2015,"2015-10",17,7,37,37,26,20,206,268469,259525,2587106,3080827,321881,2.325,2.513,2.519,0.3355,0,0.1995,0.0052,268469,259525,321881,29.4285714285714,268.469,259.525,321.881
"143",11,2015,"2015-11",14,6,34,34,27,16,185,248843,259560,2835949,3088219,322063,2.188,2.407,2.467,0.4519,0.0022,0.2992,0.0124,248843,259560,322063,26.4285714285714,248.843,259.56,322.063
"144",0,2015,"2015-12",13,5,29,29,29,16,171,259424,264784,3095373,3095373,322231,2.052,2.333,2.31,0.4904,0,0.3738,0,259424,264784,322231,24.4285714285714,259.424,264.784,322.231
"145",1,2016,"2016-01",15,4,28,28,35,21,196,236480,259680,237074,3098948,322391,1.949,2.275,2.143,0.0158,0,0.0133,0.0033,236480,259680,322391,28,236.48,259.68,322.391
"146",2,2016,"2016-02",14,4,28,28,32,18,184,229039,262948,466113,3110767,322547,1.788,2.042,1.998,0.5314,0,0.0531,0.0447,229039,262948,322547,26.2857142857143,229.039,262.948,322.547
"147",3,2016,"2016-03",13,4,28,28,27,18,179,269709,264094,735823,3122460,322709,1.996,2.223,2.09,0.8243,0,0.1921,0.1284,269709,264094,322709,25.5714285714286,269.709,264.094,322.709
"148",4,2016,"2016-04",13,4,28,28,27,17,180,268383,262641,1004207,3128027,322879,2.129,2.39,2.152,0.1234,0,0.1968,0.0086,268383,262641,322879,25.7142857142857,268.383,262.641,322.879
"149",5,2016,"2016-05",13,4,30,30,26,19,186,275288,262851,1279495,3132477,323061,2.303,2.509,2.315,0.0347,0,0.0627,0.0162,275288,262851,323061,26.5714285714286,275.288,262.851,323.061
"150",6,2016,"2016-06",13,4,36,36,26,17,197,277496,264018,1556992,3139399,323252,2.405,2.593,2.423,0.411,0,0.0171,0.1254,277496,264018,323252,28.1428571428571,277.496,264.018,323.252
"151",7,2016,"2016-07",12,4,37,37,26,16,196,281374,264777,1838367,3142402,323458,2.263,2.512,2.405,0.3559,0,0.1162,0.1321,281374,264777,323458,28,281.374,264.777,323.458
"152",8,2016,"2016-08",13,4,40,40,24,17,202,279418,263889,2117938,3149764,323676,2.226,2.402,2.351,0.2791,0.0061,0.2176,0.0992,279418,263889,323676,28.8571428571429,279.418,263.889,323.676
"153",9,2016,"2016-09",11,4,38,38,23,16,191,260950,264334,2379694,3156430,323892,2.27,2.442,2.394,0.3598,0,0.103,0.0585,260950,264334,323892,27.2857142857143,260.95,264.334,323.892
"154",10,2016,"2016-10",11,3,37,37,23,14,184,270931,265144,2651403,3159670,324098,2.297,2.485,2.454,0.5072,0,0.2062,0.1664,270931,265144,324098,26.2857142857143,270.931,265.144,324.098
"155",11,2016,"2016-11",10,3,34,34,25,13,173,257905,266613,2909994,3169419,324280,2.219,2.451,2.439,0.8506,0,0.0492,0.0923,257905,266613,324280,24.7142857142857,257.905,266.613,324.28
"156",0,2016,"2016-12",9,3,31,31,27,12,164,259255,264880,3169954,3169954,324447,2.304,2.491,2.51,0.0611,0.0997,0.1412,0,259255,264880,324447,23.4285714285714,259.255,264.88,324.447
"157",1,2017,"2017-01",11,3,39,39,34,18,209,242187,265850,242282,3175162,324608,2.396,2.587,2.58,0.3041,0,0.3593,6e-04,242187,265850,324608,29.8571428571429,242.187,265.85,324.608
"158",2,2017,"2017-02",10,3,34,34,28,15,184,233065,266744,475644,3179485,324763,2.339,2.574,2.568,0.6896,0,0.143,0.118,233065,266744,324763,26.2857142857143,233.065,266.744,324.763
"159",3,2017,"2017-03",10,3,42,42,25,15,199,271865,265417,747222,3181353,324925,2.355,2.605,2.554,0.5138,0,0.1091,0.0677,271865,265417,324925,28.4285714285714,271.865,265.417,324.925
"160",4,2017,"2017-04",9,3,38,38,24,15,189,271691,268158,1018830,3177841,325096,2.452,2.682,2.583,0.3182,0,0.2606,0.0116,271691,268158,325096,27,271.691,268.158,325.096
"161",5,2017,"2017-05",9,3,45,45,23,15,204,281228,267116,1300055,3185523,325278,2.415,2.681,2.56,0.0273,0,0.1139,0.0178,281228,267116,325278,29.1428571428571,281.228,267.116,325.278
"162",6,2017,"2017-06",9,3,51,51,24,15,219,280945,266744,1580979,3188951,325469,2.37,2.643,2.511,0.2039,0,0.0855,0.1627,280945,266744,325469,31.2857142857143,280.945,266.744,325.469
"163",7,2017,"2017-07",9,3,52,52,24,14,222,283498,267970,1864551,3193009,325674,2.326,2.594,2.496,0.3819,0,0.1028,0.129,283498,267970,325674,31.7142857142857,283.498,267.97,325.674
"164",8,2017,"2017-08",9,3,57,57,23,15,233,283323,267263,2147802,3196843,325892,2.412,2.662,2.595,0.1937,0.1748,0.1938,0.0557,283323,267263,325892,33.2857142857143,283.323,267.263,325.892
